item_id,shop_id,Brand,sold_quantity,stock, discount_price ,original_price,discount,liked_count,rating_star,number_of_ratings
4242862,1782372,NO BRAND,277,9838,0,70000,0,88,4.92,12
5825059,1832786,NOKIA,18,46,0,4500000,0,32,4.4,5
29520548,461464,NOKIA,31,16,0,1850000,0,24,4.88,8
51933973,7309694,PANASONIC,52,50,0,5400000,0,1171,5,8
92260136,7330211,NO BRAND,5,40,0,2790000,0,15,5,3
105392207,2132261,LG,15,32,0,24990000,0,46,4.75,8
145096348,11030,NO BRAND,15,1,0,9000000,0,68,5,6
145556798,14053715,MOTOROLA,13,33,0,11000000,0,18,4.6,5
155310209,8770330,NO BRAND,52,9985,0,35000,0,28,4.88,8
171130642,14053715,NOKIA,40,66,0,1990000,0,7,4.06,18
205921008,7448424,NO BRAND,65,32,0,1390000,0,28,4.36,28
219916886,523938,NO BRAND,102,100,0,1990000,0,90,3.7,27
220298068,19004502,NO BRAND,161,1,0,3990000,0,5770,4.27,71
228898222,3396089,PANASONIC,14,7,0,6500000,0,2,5,9
253146766,19004502,NOKIA,351,99621,0,1500000,0,8896,4.11,91
259440434,19004502,NO BRAND,713,9273,0,1390000,0,8902,4.49,194
266742761,11030,NO BRAND,17,1,0,10000000,0,71,4.71,7
277471141,17707940,NO BRAND,14,986,0,100000,0,3,5,5
289490829,11030,NO BRAND,21,1,0,19000000,0,75,4.89,9
295135648,14222192,SAMSUNG,2272,1,0,2500000,0,1569,4.44,854
323759971,14180023,SAMSUNG,8,2,0,11000000,0,72,4.6,5
350050050,19004502,NO BRAND,38,962,0,1390000,0,5718,4.12,17
375676547,1657913,NO BRAND,1436,4939,0,2700000,0,22540,4.69,483
378724543,14180023,SAMSUNG,6,1,0,15000000,0,14,5,4
378991877,27056484,NO BRAND,36,5,0,1000000,0,4,4.4,10
378991895,27056484,NO BRAND,19,19,0,650000,0,0,4.89,9
379033629,27056484,NO BRAND,30,19,0,700000,0,1,3.92,12
379742851,14180023,SAMSUNG,6,2,0,16500000,0,69,5,3
398976115,4047586,NOKIA,11,994,0,3000000,0,4,4.6,5
411983087,28754626,NO BRAND,25,18,0,9500000,0,70,4.5,8
455525062,9473350,NO BRAND,35,9,0,1500000,0,14,4.21,14
459490005,27056484,NO BRAND,23,2,0,500000,0,7,4.57,7
492575258,14180023,SAMSUNG,13,5,0,7000000,0,19,5,9
541162618,20263686,OPPO,9,3,0,14000000,0,62,5,6
554107600,14187460,NO BRAND,14,328,0,1590000,0,314,5,3
649174919,38339498,SAMSUNG,5,2,0,16500000,0,68,4.5,4
657246709,7309346,NO BRAND,11,47,0,2100000,0,2,5,5
665891397,1760986,SAMSUNG,87,20,0,50000000,0,13,5,22
718008887,25826831,NO BRAND,118,703,0,500000,0,100,4.9,29
733022910,17376044,HTC,7,21,0,21000000,0,217,5,3
733841869,17376044,NO BRAND,67,189,0,14500000,0,497,4.86,35
741090336,17376044,SAMSUNG,4,19,0,15000000,0,177,5,3
744316571,1657913,NO BRAND,1731,476,0,1150000,0,31335,4.52,446
749506393,27056484,NO BRAND,29,10,0,900000,0,2,4.83,6
751054536,25990212,NO BRAND,63,1,0,20900000,0,152,4.85,27
761777503,17376044,NOKIA,29,199,0,2800000,0,543,4.82,11
761798703,17376044,NOKIA,43,200,0,2900000,0,575,4.4,15
769759168,48782032,SAMSUNG,542,722,0,19990000,0,3722,5,13
770023992,26444189,NO BRAND,34,10000,0,8000000,0,23,5,5
772532188,48168126,NOKIA,13,50,0,2850000,0,13,4.5,4
775073402,48810739,SAMSUNG,71,2482,0,28990000,0,320,5,4
778268410,48782032,HTC,219,1720,0,17500000,0,698,5,2
780749684,48782032,HTC,128,255,0,18990000,0,3091,5,7
780815248,48782032,SONY,106,1457,0,13000000,0,34,5,5
786717083,48782032,SAMSUNG,3947,25466,0,19900000,0,3307,4.68,34
789205619,48782032,SAMSUNG,374,6401,0,18900000,0,3139,5,13
796746804,48782032,SAMSUNG,109,67775,0,19900000,0,52,5,5
796878206,48782032,LG,250,300,0,18500000,0,3372,5,5
809582259,34655911,NO BRAND,180,4997,0,2700000,0,1570,4.6,72
820107144,25990212,LG,9,1,0,29900000,0,38,4.67,6
849236742,48168126,NO BRAND,61,50,0,2850000,0,16,4.38,16
850338486,52809472,NOKIA,103,198,0,6000000,0,768,4.67,12
861343872,36145420,NO BRAND,19,88,0,250000,0,1,5,11
864198074,36145420,NO BRAND,127,27,0,250000,0,3,5,41
864204498,36145420,NO BRAND,183,61,0,300000,0,3,4.91,57
876858047,25990212,NO BRAND,24,1,0,29900000,0,43,4.9,10
902331030,27645031,SAMSUNG,6,224,0,38500000,0,1008,5,6
921565896,1657913,NO BRAND,512,9962,0,900000,0,29831,4.41,140
942747650,36145420,NO BRAND,92,24,0,300000,0,4,4.96,27
942751352,36145420,NO BRAND,104,100,0,300000,0,1,5,34
942758994,36145420,NO BRAND,42,25,0,300000,0,1,5,13
942762790,36145420,NO BRAND,109,2,0,300000,0,3,5,29
1028349249,17376044,NOKIA,19,130,0,4300000,0,348,4.5,6
1034403358,62889399,NO BRAND,71,4,0,1750000,0,32,4.31,16
1038230583,47856017,NO BRAND,64,37,0,3500000,0,18,3.95,22
1038739976,34655911,NO BRAND,45,795,0,1100000,0,5539,4.5,10
1040370533,58573345,ULEFONE,4,4,0,69900000,0,23,5,4
1042557497,1657913,NOKIA,36,1,0,1550000,0,16,4.33,6
1057679444,26738525,NO BRAND,1048,61,0,40000,0,29,4.61,38
1086478346,8065594,NO BRAND,5,299996,0,1700000,0,2,5,3
1091137639,27568450,BLACKBERRY,11,2,0,34500000,0,101,5,6
1098017750,58573345,ULEFONE,4,18,0,54900000,0,19,5,4
1098318103,58573345,ULEFONE,4,9,0,54900000,0,13,5,4
1099886079,14053715,NOKIA,36,16,0,3990000,0,7,4.22,9
1100183518,14053715,NOKIA,101,131,0,3590000,0,37,4.08,38
1106163159,14053715,NOKIA,409,2,0,3990000,0,185,4.03,176
1189006425,45032906,NOKIA,34,199972,0,1200000,0,26,4.29,7
1193942916,71401154,NOKIA,28,18,0,1800000,0,12,4.11,9
1194490032,8685406,NO BRAND,19,23,0,390000,0,20,5,11
1199720439,27056484,NO BRAND,40,6,0,800000,0,1,5,4
1203020566,70094786,MOTOROLA,64,80,0,6500000,0,36,4.44,25
1203089709,70094786,MOTOROLA,311,309,0,6500000,0,166,4.53,108
1204021441,50817933,NO BRAND,3061,573,0,1690000,0,748,4.89,409
1204117206,50817933,NO BRAND,43,219,0,4000000,0,391,4.81,16
1211928416,70094786,NOKIA,2845,339,0,5990000,0,1001,4.53,1211
1214007339,70094786,NOKIA,603,3967,0,4500000,0,339,4.48,236
1220156592,70094786,NOKIA,38,10,0,16900000,0,64,4.42,12
1226445780,70094786,NOKIA,6,100,0,6990000,0,11,5,4
1226647678,70094786,NOKIA,109,10,0,16900000,0,130,4.66,53
1243927017,51126166,NOKIA,846,9497,0,3205000,0,10,5,10
1247918170,23220672,MASSTEL,194,43,0,4500000,0,8,4.31,16
1253082868,11030,NO BRAND,18,1,0,18000000,0,66,5,4
1253108894,11030,NO BRAND,15,1,0,17000000,0,57,5,6
1256112324,11916802,NOKIA,5,8,0,4800000,0,3,5,4
1261602629,50817933,NO BRAND,305,221,0,4990000,0,739,4.94,105
1268132509,34655911,NO BRAND,155,973,0,1550000,0,20,4.8,59
1287733706,48168126,NOKIA,35,163,0,2950000,0,24,4.11,9
1327490782,34655911,NO BRAND,102,163999,0,1550000,0,6030,4.81,36
1345256770,17076774,NO BRAND,34,10,0,500000,0,19,4.91,23
1368184569,33917080,NOKIA,8,9,0,3460000,0,10,4.75,4
1397988257,71401154,NO BRAND,7,1,0,6000000,0,6,5,5
1405725116,43055588,YUNTENG,141,446,0,2755550,0,113,4.8,40
1410254259,83813714,NOKIA,437,21,0,3490000,0,107,4.64,157
1424933603,26514084,NOKIA,182,46,0,2900000,0,88,4.4,57
1432699238,36145420,NO BRAND,62,49,0,450000,0,2,5,19
1434114850,70094786,NOKIA,356,499,0,5990000,0,180,4.36,153
1443741855,63959329,SONY,6,1,0,4000000,0,12,4.75,4
1449197816,78330450,NO BRAND,21,54,0,9450000,0,9916,5,3
1450532173,19004502,NO BRAND,517,2,0,1290000,0,8871,3.79,110
1456413181,50817933,NO BRAND,122,57,0,2880000,0,439,4.68,50
1466484720,70094786,NOKIA,17,1,0,5900000,0,26,4.1,10
1469990927,70094786,NOKIA,11,10,0,6990000,0,51,4.33,6
1471377258,83813714,NOKIA,85,6,0,4500000,0,40,4.94,36
1474823063,83813714,NOKIA,25,10,0,9800000,0,23,4.2,10
1474841546,83813714,NOKIA,20,16,0,7800000,0,32,5,7
1476980123,61212663,SAMSUNG,13,2,0,42500000,0,1504,5,5
1479745965,18479475,SHARP,645,3,0,3090000,0,1176,4.64,249
1482642928,50817933,NO BRAND,80,41,0,2680000,0,342,4.83,29
1493069039,83813714,NOKIA,21,400,0,4950000,0,20,4.56,9
1493599027,83813714,NOKIA,22,3,0,15900000,0,38,5,5
1495321224,25990212,NO BRAND,4,1,0,24900000,0,19,5,3
1498935332,83813714,NOKIA,49,399,0,3000000,0,27,4.84,19
1498954579,83813714,NOKIA,19,58,0,3900000,0,12,4.6,10
1507014549,4770354,VIETTEL,97,12,0,10300000,0,33282,4.8,30
1511809483,26505668,NO BRAND,70,35,0,180000,0,7,4.69,16
1512593361,83813714,NOKIA,49,30,0,7400000,0,87,4.79,19
1514145779,83813714,NOKIA,13,39,0,9400000,0,27,4.83,6
1514596304,83813714,NOKIA,35,60,0,7490000,0,53,4.61,18
1535081978,83813714,NOKIA,78,18,0,4800000,0,45,4.71,24
1537088163,71401154,NO BRAND,19,1,0,3950000,0,4,5,9
1573009827,83813714,NOKIA,86,40,0,7200000,0,144,4.58,31
1585161349,83813714,NOKIA,10,200,0,3450000,0,13,4.33,6
1600133898,61500643,SONY,3,10,0,16490000,0,20,5,3
1605195442,63783731,NO BRAND,5,497,0,36560000,0,14,5,4
1605445818,1657913,NO BRAND,6135,15414,0,1350000,0,27367,4.59,1638
1652146584,102564154,NOKIA,226,2942,0,4390000,0,74790,4.56,87
1652204599,102564154,NOKIA,51,187,0,3990000,0,78132,4.44,16
1659289561,20263686,NO BRAND,59,2,0,18000000,0,48,4.92,13
1662973920,18479475,KYOCERA,110,5,0,5390000,0,210,4.72,57
1665280963,105396579,MASSTEL,55,250,0,5990000,0,14,4.89,19
1668019731,93085974,NOKIA,38,195,0,3000000,0,223,4.44,16
1673246721,53583264,NOKIA,254,562,0,3900000,0,3932,4.53,92
1675408715,95037078,NOKIA,18,554,0,3250000,0,9,4.83,6
1675752755,18479475,NO BRAND,290,3,0,3690000,0,644,4.69,118
1676175425,53521032,SAMSUNG,38,8,0,20000000,0,242,5,21
1694920531,102564154,NOKIA,86,2595,0,1750000,0,75288,4.57,28
1697884336,48810739,SONY,195,2359,0,16990000,0,1711,5,3
1708346305,49282974,XIAOMI,57,18,0,14280000,0,171,4.67,21
1729903523,18291519,NO BRAND,58,283,0,500000,0,3,5,14
1734118075,72403142,XIAOMI,64,160,0,4790000,0,180,4.39,23
1742335006,83813714,NOKIA,9,18,0,6490000,0,27,4.8,5
1761132356,20977279,NOKIA,37,10,0,2490000,0,35,4.07,15
1762902024,20977279,NOKIA,613,1135,0,2750000,0,110,4.72,218
1763992044,34655911,NO BRAND,789,9971,0,1100000,0,4624,4.64,215
1779693415,83813714,FORME,19,99,0,1500000,0,5,4.25,8
1786162398,108110554,SONY,159,3294,0,12500000,0,234,4.26,61
1787493785,94879945,NO BRAND,37,22,0,3950000,0,35,5,8
1794342071,20977279,NOKIA,104,25,0,3390000,0,41,4.46,37
1802173361,1657913,NOKIA,1790,23937,0,900000,0,9270,4.78,446
1812023840,54722196,HUAWEI,50,15,0,5500000,0,18,4.88,16
1812523788,27056484,NO BRAND,12,11,0,700000,0,3,5,5
1816223687,48810739,SAMSUNG,169,2398,0,23990000,0,3744,5,6
1822669035,50817933,NO BRAND,494,1612,0,4980000,0,586,4.82,148
1823313943,20331712,NOKIA,29,4,0,9800000,0,6021,4.67,9
1836370490,59259128,NO BRAND,29,99,0,890000,0,6,4.86,7
1839231068,20977279,NOKIA,215,161,0,3250000,0,54,4.46,80
1839402089,50817933,NO BRAND,91,90,0,4250000,0,96,4.85,20
1881650501,20977279,NO BRAND,211,7,0,3290000,0,122,4.44,84
1881705989,108110554,SAMSUNG,135,31,0,36500000,0,16,5,2
1895171646,50766183,NOKIA,49,12,0,2590000,0,3088,4.54,13
1908838227,86171543,NO BRAND,6,5,0,660000,0,18,5,4
1917156359,94879945,NO BRAND,40,54,0,990000,0,29,4.63,8
1919707777,127150525,NOKIA,31,3,0,3200000,0,128,4.08,12
1930971891,27056484,NO BRAND,87,14,0,600000,0,1,4.44,25
1936267842,40711448,SAMSUNG,15,84,0,1000000,0,5,5,6
1936267843,40711448,SAMSUNG,5,95,0,1000000,0,63,5,3
1943400110,128179395,NO BRAND,26,87,0,3250000,0,13,4.67,6
1947049046,128179395,NOKIA,46,54,0,1490000,0,23,4.08,12
1947097737,118482908,NOKIA,14,197,0,490000,0,14,5,3
1947608811,128179395,NO BRAND,57,187,0,4790000,0,50,4.33,21
1955477487,129982976,NO BRAND,162,694,0,2100000,0,64,4.6,47
1956153974,18479475,HUAWEI,34,1,0,7900000,0,134,4.5,14
1956857159,129982976,NO BRAND,81,5,0,3090000,0,37,4.32,25
1961539596,94879945,LV MOBILE,82,19,0,2490000,0,41,4.93,27
1974893136,71401154,NOKIA,62,4,0,3500000,0,40,4.67,33
1981126828,131605758,NOKIA,33,185,0,3020000,0,12,4.89,9
1982890799,125936397,NO BRAND,46,20,0,440000,0,22,4.89,18
1995716447,118415697,NOKIA,5,136,0,3500000,0,30,5,4
2000809995,11030,NO BRAND,11,1,0,16000000,0,24,5,7
2009960797,11030,NO BRAND,12,1,0,12000000,0,27,5,6
2013938684,36612844,SONY,9,32,0,39000000,0,16,4.4,5
2016311949,64945499,BLACKBERRY,102,11,0,3500000,0,23,4.95,44
2019480812,90097467,NO BRAND,265,85,0,3500000,0,38,4.83,84
2021183363,26037977,MAXX,60,1,0,1590000,0,18,3.77,22
2022139078,42116881,SONY,16,6,0,18900000,0,7742,5,12
2023556574,134573619,NOKIA,17,8,0,3690000,0,3343,4.17,6
2033097057,75444860,NOKIA,74,24,0,2500000,0,26,4.63,32
2035701423,36145420,NO BRAND,107,947,0,270000,0,8,5,5
2035815215,91772591,LG,13,48,0,41990000,0,63,4.83,6
2040954618,267287,NO BRAND,367,40,0,3500000,0,125,4.7,79
2052274180,14053715,NOKIA,424,49,0,1990000,0,81,4.9,136
2072159905,28831409,NO BRAND,15,185,0,4490000,0,17,5,5
2084733390,13172794,CAT,7,2,0,38900000,0,13,5,4
2100563213,118415697,NO BRAND,187,380,0,1700000,0,44,3.83,6
2102862113,53521032,SAMSUNG,29,3,0,25000000,0,90,4.94,17
2104884376,135552270,NOKIA,37,113,0,600000,0,8251,4.25,12
2106889187,105396579,NOKIA,1500,12,0,3999000,0,31,5,8
2107585129,26514084,NOKIA,194,193,0,5800000,0,78,4.63,56
2113862552,20172204,NOKIA,629,1,0,2480000,0,272,4.73,153
2123941791,49751057,NO BRAND,85,10000,0,7990000,0,28,4.65,17
2124733357,70094786,NO BRAND,62,8,0,4900000,0,70,4.78,18
2150972727,136092747,SERVO,11,99,0,4950000,0,15,5,4
2154497793,136092747,ADMET,15,98,0,3790000,0,18,5,5
2154719551,136092747,NOKIA,45,167,0,5450000,0,78,4.54,13
2154772651,136092747,NOKIA,72,80,0,4350000,0,77,4.5,16
2154869254,136092747,NO BRAND,72,44,0,3750000,0,56,4.3,20
2170230736,4075086,NO BRAND,244,96,0,2500000,0,52,4.96,47
2176287618,136092747,NOKIA,60,189,0,2450000,0,10,4.11,19
2176404510,136092747,NOKIA,97,235,0,950000,0,28,4.17,24
2176453351,136092747,NOKIA,136,66,0,2650000,0,34,4.49,55
2176467762,136092747,NOKIA,23,66,0,3490000,0,35,4.2,10
2176770623,136092747,NOKIA,13,185,0,4650000,0,10,5,3
2187446531,102852719,NO BRAND,11,288,0,2625000,0,91,5,5
2189426982,42806741,NOKIA,6,600,0,90880000,0,363,5,3
2205772898,19004502,NOKIA,27,10129,0,2790000,0,6267,4.56,9
2215248080,51612536,NO BRAND,129,7,0,16000000,0,232,4.76,76
2231923247,105747592,MASSTEL,140,199,0,5230000,0,5409,4.8,41
2235077768,20172204,SONY,7,8,0,20700000,0,23,5,3
2238293428,67950558,NOKIA,73,100,0,2290000,0,25,4.86,14
2240330018,91772591,GOOGLE,78,19,0,30990000,0,1150,4.7,44
2250651724,118122501,SAMSUNG,18,36,0,59900000,0,187,4.85,13
2275270064,20331712,SAMSUNG,44,11,0,69900000,0,3973,5,8
2277458082,52893157,NO BRAND,3,10,0,29900000,0,72,5,3
2284991357,152251565,ASUS,20,79,0,37500220,0,12,5,3
2286222094,152251565,NO BRAND,25,73,0,37500010,0,3,5,3
2286226276,152251565,NO BRAND,27,71,0,37500020,0,3,5,4
2286231536,152251565,NO BRAND,23,76,0,37500030,0,2,5,5
2286237144,152251565,NO BRAND,21,78,0,37500040,0,9,5,4
2286242996,152251565,NO BRAND,22,77,0,37500050,0,1,5,5
2286249993,152251565,NO BRAND,21,78,0,37500060,0,1,5,5
2286254076,152251565,NO BRAND,23,76,0,37500070,0,3,5,4
2286260477,152251565,SAMSUNG,25,74,0,37500080,0,2,5,4
2287026038,50817933,2GOOD,84,137,0,2650000,0,189,4.7,27
2303835292,151305311,NO BRAND,50,157,0,170000,0,5,4.33,9
2308132641,136051053,SAMSUNG,30,109,0,3990000,0,77,4.33,9
2308170103,136051053,NOKIA,6,165,0,4990000,0,6,4.67,3
2308876224,42806741,NO BRAND,5,3,0,33880000,0,327,5,4
2308956951,42806741,MOTOROLA,6,200,0,54880000,0,713,5,5
2309582864,14053715,NOKIA,17,196,0,1790000,0,3,5,5
2320475201,50817933,NO BRAND,124,150,0,3890000,0,170,4.77,30
2347114023,14145573,NO BRAND,152,13,0,3100000,0,82,4.8,54
2358479520,105747592,FPT,46,19,0,10700000,0,2724,5,6
2367732653,51612536,KYOCERA,24,14,0,12000000,0,93,4.74,19
2368210682,267287,NO BRAND,56,12,0,2500000,0,20,4.88,16
2382779909,130503882,NO BRAND,278,7,0,2790000,0,71,4.8,89
2384759432,68517350,NO BRAND,6,2454,0,990000,0,6,4.83,6
2388791174,136092747,NO BRAND,139,197,0,4890000,0,42,4.36,44
2424527361,148463875,NO BRAND,7,43,0,300000,0,2,5,4
2425003191,42786865,NOKIA,29,71,0,2500000,0,19,5,9
2432597170,94879945,NO BRAND,11,50,0,4500000,0,30,5,4
2443450502,162442175,SAMSUNG,16,4,0,79000000,0,1853,4.5,8
2443475078,162442175,SAMSUNG,22,15,0,57900000,0,1938,4.67,6
2446252839,147784810,NO BRAND,26,44,0,450000,0,1,4.8,5
2451392396,61212663,SAMSUNG,100,44,0,64900000,0,1450,4.62,55
2459963536,42806741,GOOGLE NEXUS,5,600,0,23880000,0,68,5,3
2462216999,118122501,SAMSUNG,24,19,0,45900000,0,158,4.93,14
2473377626,118122501,SAMSUNG,21,39,0,61900000,0,176,5,11
2480740576,31474031,LG,116,388,0,31500000,0,3607,4.68,74
2497282064,58573345,ULEFONE,7,1,0,64900000,0,16,5,4
2506730508,94879945,NO BRAND,14,14,0,3500000,0,73,4.83,6
2508533416,67970840,SAMSUNG,9,1,0,21500000,0,8,5,3
2508609732,31474031,LG,44,1,0,40500000,0,3343,4.55,29
2521259776,49282974,SONY,1685,1,0,15980000,0,1202,4.81,814
2537464366,66300615,NO BRAND,6,294,0,2300000,0,5,5,3
2546135049,14972646,NOKIA,8,24,0,6500000,0,6,5,6
2559412633,15090740,NOKIA,907,162,0,2800000,0,420,4.62,308
2567473604,80014112,HUAWEI,12,23,0,75000000,0,4,5,4
2588077731,12243396,SAMSUNG,7,20,0,40000000,0,2,5,3
2596551872,51612536,NO BRAND,19,7,0,17500000,0,65,4.42,12
2597772478,13575381,SAMSUNG,11,101,0,100000000,0,4,5,6
2646288057,16627792,NOKIA,6,93,0,1700000,0,3,5,3
2649605988,80014112,OPPO,17,8,0,90000000,0,23,5,6
2653731910,43369601,GAMMA,17,983,0,15000000,0,4,5,4
2666518104,52732586,LG,5,16,0,42500000,0,10,5,3
2668287347,25985266,NO BRAND,11,1,0,18000000,0,27,5,4
2680754773,151337695,NO BRAND,14,85,0,160000,0,1,4.43,7
2681043133,31474031,HTC,9,399,0,27500000,0,616,4.4,5
2681085837,1657913,NO BRAND,296,9,0,1300000,0,6288,4.55,96
2690746660,1657913,NOKIA,94,968,0,1100000,0,6255,4.48,23
2696570005,20977279,NOKIA,171,595,0,2100000,0,26,4.36,33
2707722394,61803166,GOOGLE,48,3,0,23990000,0,2157,4.88,24
2708366851,141143016,NO BRAND,28,1964,0,1500000,0,21,4.88,8
2711024379,136051053,NOKIA,24,264,0,3550000,0,30,3.9,10
2720754251,70047678,NOKIA,211,289,0,15000000,0,24,5,19
2720764987,52453765,NO BRAND,7,193,0,150000,0,1,5,3
2736106130,60164138,NO BRAND,7,80,0,89900000,0,17,5,4
2739061434,122583887,NO BRAND,27,1,0,12000000,0,44,4.55,11
2763810865,174341597,LANDROVER,6,9,0,44900000,0,4671,5,4
2764146252,174341597,KYOCERA,41,77,0,13400000,0,206,4.8,30
2764370745,174341597,KYOCERA,9,15,0,14400000,0,921,5,4
2767358807,141143016,NO BRAND,5,494,0,1850000,0,99,5,3
2767548405,141143016,NO BRAND,11,2486,0,1450000,0,67,5,3
2767731526,141143016,NO BRAND,6,2494,0,450000,0,29,4.8,5
2780207073,168592631,NOKIA,25,1,0,2890000,0,27,4.42,12
2801776601,87493314,OPPO,1207,159,0,7500000,0,416,4.45,86
2802010549,87493314,OPPO,905,154,0,10300000,0,51,4.29,7
2802069933,87493314,NO BRAND,892,220,0,7800000,0,40,4.8,5
2802216179,122583887,SONY,4,1,0,800000,0,19,5,3
2802384636,31474031,LG,8,21,0,19000000,0,1330,4.6,5
2806395596,87493314,SONY,178,1,0,15990000,0,137,4.38,60
2806424162,87493314,NO BRAND,304,592,0,7350000,0,31,4.6,5
2806872531,167948253,KYOCERA,35,107,0,16900000,0,8807,5,15
2809281070,167948253,KYOCERA,34,7,0,14400000,0,6074,4.65,20
2810746056,167948253,KYOCERA,10,89,0,33900000,0,14215,5,5
2813544675,62114736,NO BRAND,129,3,0,1500000,0,286,4.71,49
2816319988,141143016,NO BRAND,18,2480,0,1680000,0,20,4.44,9
2822802498,141143016,NO BRAND,20,2485,0,1620000,0,27,4.5,6
2824763150,87493314,OPPO,437,515,0,14200000,0,184,4.67,15
2827428697,141143016,NO BRAND,8,3991,0,1300000,0,49,5,3
2827534759,141143016,NO BRAND,12,3988,0,500000,0,49,5,4
2831022078,126217526,BLACKBERRY,19,2,0,7800000,0,71,5,11
2849902504,15090740,NOKIA,46,195,0,2800000,0,243,4.71,17
2851070455,152251565,SONY,9,91,0,12501000,0,1,5,6
2851106326,152251565,SONY,10,90,0,12500500,0,3,5,7
2851131747,152251565,SONY,10,90,0,12501000,0,4,5,6
2851149224,152251565,SONY,7,93,0,12501500,0,3,5,6
2855178836,141143016,NO BRAND,34,1961,0,2620000,0,83,4.73,11
2858375152,141143016,NO BRAND,219,199780,0,50000,0,112,4.73,11
2859024965,174341597,KYOCERA,51,76,0,15400000,0,4721,4.8,35
2866688120,27056484,NO BRAND,11,18,0,800000,0,0,4.6,5
2876657979,167948253,NO BRAND,31,18,0,15490000,0,7536,5,15
2879777562,181926192,NO BRAND,27,162,0,229000,0,123,5,14
2880882964,18278357,SAMSUNG,606,9,0,3990000,0,842,4.61,278
2883528404,20331712,SAMSUNG,4,5,0,199900000,0,5908,5,4
2887642340,139018723,2GOOD,37,118,0,6500000,0,106,5,9
2887645601,139018723,NO BRAND,58,99,0,1990000,0,89,5,6
2889860382,51612536,NO BRAND,18,3,0,17000000,0,79,4.46,13
2890995840,87493314,OPPO,163,118,0,17500000,0,17,5,2
2893254649,89681009,SAMSUNG,10,19,0,65000000,0,177,4.14,7
2904654113,87493314,SAMSUNG,141,7,0,19990000,0,57,4.11,9
2908333487,94879945,2GOOD,37,43,0,2490000,0,16,4.6,10
2911405713,182867404,NO BRAND,18,1,0,1490000,0,7,4,11
2911773951,141143016,OPPO,5,995,0,400000,0,3,5,5
2911902445,141143016,NO BRAND,23,1971,0,450000,0,16,4.89,9
2911951838,141143016,NO BRAND,5,1995,0,450000,0,20,5,3
2913703296,76799913,HUAWEI,8,2,0,27990000,0,9965,4.33,6
2915500103,240247809,LG,354,13,0,31900000,0,796,4.83,183
2930128679,405102750,OPPO,46,6,0,5250000,0,23,4.47,15
2930741344,71474818,GOOGLE,291,41,0,24590000,0,241,4.59,151
2938588580,8940655,GOOGLE,48,13,0,37900000,0,52,4.91,32
2948550908,405102750,NOKIA,26,49,0,2190000,0,5,4.7,10
2965326320,264888176,NO BRAND,293,77,0,2350000,0,26,4.94,89
2975429223,481529515,NO BRAND,3,207,0,200000,0,1,5,1
3017375011,405102750,NO BRAND,8,2,0,2890000,0,12,5,4
3017454966,405166547,NOKIA,31,31,0,4450000,0,3,4.63,8
3020271587,241749563,GOOGLE,189,14,0,27500280,0,163,4.9,114
3049009595,1657913,NO BRAND,185,958,0,2300000,0,28,4.43,60
3060747027,264888176,NO BRAND,27,98,0,5500000,0,11,4.75,8
3106619654,87493314,HTC,236,13,0,8990000,0,6,4,3
3107918045,141143016,NO BRAND,11,1987,0,1100000,0,56,5,6
3110933033,46423794,NO BRAND,190,968,0,10000,0,9,5,4
3111618300,141143016,NO BRAND,14,1986,0,500000,0,20,4.4,5
3112017749,141143016,NO BRAND,8,191,0,500000,0,70,5,4
3114767083,141143016,NO BRAND,7,492,0,2500000,0,2,5,4
3119507126,27056484,NO BRAND,20,4,0,1700000,0,2,5,4
3128808599,66575073,NO BRAND,907,960,0,2690000,0,166,4.88,190
3138804973,61212663,SAMSUNG,104,28,0,98900000,0,394,4.94,62
3144171340,108110554,SAMSUNG,121,878,0,60000000,0,13,5,9
3154548539,130503882,NOKIA,114,1,0,2590000,0,13,3.91,34
3156540283,48810739,HTC,127,2438,0,18900000,0,2578,5,4
3166849295,48782032,SONY,20,42846,0,20000000,0,0,5,1
3166859281,48810739,SONY,35,42964,0,20000000,0,1,5,1
3187839333,411746767,SAMSUNG,54,273,0,10250000,0,164,4.26,23
3191909185,23220672,ITEL,7,6,0,16490000,0,49,5,6
3192098459,289996094,SAMSUNG,290,8,0,4550000,0,66,4.9,29
3200031454,141143016,NO BRAND,14,1983,0,1550000,0,67,4,5
3203019712,13482524,NO BRAND,118,88,0,5690000,0,8409,4.92,48
3203360546,173705043,ITEL,6,94,0,12500000,0,3,5,3
3205114964,58573345,ULEFONE,87,29,0,29900000,0,120,4.83,58
3206864436,95535590,XIAOMI,532,116,0,8900000,0,931,4.91,222
3233765388,58826570,SAMSUNG,35,1,0,179000000,0,12,5,3
3236201415,48782032,NOKIA,216,283,0,6500000,0,3085,5,5
3241328375,48782032,SAMSUNG,293,949,0,24900000,0,3188,4.73,15
3243826619,48810739,SAMSUNG,236,2318,0,27990000,0,3829,5,7
3257252485,48782032,OPPO,18,6828,0,30900000,0,0,5,1
3257263419,48782032,OPPO,18,2017,0,21990000,0,0,5,1
3257274955,48810739,NO BRAND,45,51016,0,30000000,0,0,5,2
3257275020,48810739,NO BRAND,24,785,0,17990000,0,1,5,1
3286422846,405102750,NOKIA,23,108,0,1790000,0,5,5,8
3290945218,405102750,NO BRAND,31,21,0,490000,0,4,4.9,10
3309294682,200711902,LG,18,27,0,21900000,0,48,4.58,12
3312365193,118122501,SAMSUNG,19,47,0,52900000,0,135,4.63,8
3314034306,108110554,SAMSUNG,212,5451,0,39990000,0,20,4.77,13
3318768974,19004502,NO BRAND,88,4889,0,1190000,0,614,4,13
3327433500,58573345,OUKITEL,11,3,0,69900000,0,32,5,5
3327646739,223922416,NO BRAND,17,55,0,4900000,0,26,5,3
3334607099,48135204,VSMART,12,10,0,57900000,0,96,5,9
3336134782,48782032,NOKIA,485,2,0,6500000,0,3354,4.88,24
3336342351,48782032,NOKIA,156,344,0,4900000,0,3081,4.5,10
3336346089,48782032,NOKIA,408,8746,0,3900000,0,3150,4.9,21
3337163415,240476593,NO BRAND,47,55,0,4500000,0,11,5,13
3341699323,77246152,REALME,27,1471,0,350000,0,4,4.92,12
3343565852,208445880,XIAOMI,128,87,0,7895000,0,128,4.35,51
3345715099,30580603,SONY,68,50,0,28000000,0,84,4.88,42
3357203422,48810739,HTC,31,18403,0,17900000,0,1,5,1
3357205546,48810739,NO BRAND,68,18768,0,42000000,0,0,5,2
3361873558,22557093,NOKIA,90,300,0,500000,0,705,4.6,25
3387045438,405166547,NO BRAND,94,157,0,5450000,0,43,4.58,26
3387888379,434360904,NO BRAND,7326,29987,0,4490000,0,111,4.65,86
3419914740,83813714,NO BRAND,276,300,0,6900000,0,34,4.89,53
3430546191,174341597,NO BRAND,32,100,0,16900000,0,4612,4.44,18
3432896452,14053715,NO BRAND,17,40,0,8900000,0,23,4.82,11
3434663945,158663650,NO BRAND,35,375,0,1990000,0,2853,5,14
3487956868,241243428,NO BRAND,1088,4164,0,5990000,0,8,4.25,4
3506800224,95535590,XIAOMI,81,2,0,10200000,0,168,4.89,38
3511527609,34271889,2GOOD,67,13,0,3990000,0,42,4.19,21
3513275929,19609604,NO BRAND,1684,300,0,80000,0,108,4.92,181
3518505813,26939648,NO BRAND,6,94,0,2500000,0,3,5,3
3520401939,48135204,VSMART,3,16,0,29000000,0,17,5,3
3528058946,174341597,KYOCERA,19,112,0,16900000,0,4568,4.71,7
3532659017,208264618,NOKIA,67,10,0,5000000,0,181,5,12
3536122450,48782032,SONY,465,5308,0,17990000,0,3296,4.73,26
3536131304,48782032,NOKIA,642,55160,0,6500000,0,3738,4.47,34
3541346060,48782032,NO BRAND,224,333,0,18990000,0,3693,5,7
3544784141,164472385,NO BRAND,8,7,0,1990000,0,4,5,3
3549763589,208445880,KECHAODA,27,5,0,7595000,0,22,4.8,10
3551087155,48135204,VSMART,129,5,0,27900000,0,73,4.8,74
3551326304,136092747,OPPO,84,442,0,4950000,0,77,4.41,27
3557192519,48782032,LG,197,16908,0,50000000,0,3137,5,5
3557203169,48810739,NO BRAND,50,32987,0,17990000,0,0,5,2
3563233455,322514601,NO BRAND,10,3,0,15000000,0,14,5,6
3569532302,25143432,LG,80,16562,0,35000000,0,1,5,7
3571126337,95140495,NO BRAND,24,802,0,1750000,0,1,4.6,5
3607250051,14187460,NO BRAND,31,66,0,1590000,0,306,4.67,9
3616259720,136092747,LANDROVER,30,197,0,4950000,0,13,4,10
3620236604,43006247,NO BRAND,12,2,0,10800000,0,1260,4.2,5
3624338859,240476593,NOKIA,44,1504,0,1550000,0,386,4.78,9
3624568105,203519908,NO BRAND,46,164,0,1580000,0,11,5,13
3631391490,48135204,VSMART,36,19,0,29900000,0,169,4.67,18
3633907794,240476593,NO BRAND,73,55,0,5450000,0,119,4.28,25
3636058738,48782032,SAMSUNG,351,5493,0,22500000,0,3301,4.56,16
3641299706,48782032,SONY,200,798,0,39990000,0,666,5,3
3641695783,130503882,NOKIA,76,158,0,490000,0,23,4.52,23
3650944588,130012732,NO BRAND,10,98,0,1990000,0,4,4.4,5
3652464233,108110554,HTC,237,12431,0,18500000,0,18,4.6,5
3657203562,48810739,NO BRAND,45,12132,0,24000000,0,0,5,2
3657207356,48810739,NO BRAND,25,33217,0,12000000,0,0,5,1
3676653017,199422123,SONY,347,86,0,14590000,0,339,4.69,146
3678508670,242263416,NO BRAND,869,137,0,8000000,0,416,4.76,178
3684772309,405166547,NOKIA,24,49,0,3450000,0,21,4.42,12
3695023172,135081922,LG,26,1,0,41500000,0,57,4.61,18
3700435806,87493314,2GOOD,410,2697,0,3990000,0,42,4.66,29
3713528686,205405738,KYOCERA,10,54,0,16900000,0,26,5,5
3735299068,1657913,NO BRAND,281,4989,0,3350000,0,722,4.64,89
3739591792,192933058,GOOGLE,50,47,0,24900000,0,1607,4.08,13
3741306851,48782032,HTC,85,3390,0,18990000,0,460,5,4
3746243635,81069780,SAMSUNG,26,27472,0,12000000,0,44,4.93,14
3755396814,48782032,SONY,45,555,0,18900000,0,46,5,3
3758102263,203519908,OPPO,17,111,0,360000,0,1,5,3
3760307069,95535590,NO BRAND,21,14,0,11900000,0,69,5,7
3762992871,131595456,NOKIA,21,98,0,3850000,0,3,4.8,5
3796291879,443610723,NO BRAND,74,1,0,600000,0,11,4.54,24
3816638998,208445880,XIAOMI,28,119,0,9095000,0,60,4.64,11
3819851068,53441128,ADMET,7,1439,0,1900000,0,6,5,3
3834336421,130503882,NO BRAND,295,76,0,1590000,0,36,4.15,48
3836135453,48782032,NOKIA,238,41827,0,7500000,0,3127,5,7
3837837319,236893379,MOTOROLA,23,7,0,28990000,0,1182,5,7
3841331963,48782032,LG,178,644,0,29900000,0,3763,5,5
3858112953,178181467,SAMSUNG,250,180551,0,4200000,0,141,4.87,100
3881251937,54746138,NOKIA,56,922,0,2000000,0,10,4.14,21
3891588432,110595666,SAMSUNG,67,35,0,185900000,0,124,5,28
3891663062,131595456,NO BRAND,16,39,0,2450000,0,4,4.5,8
3925444599,203519908,NO BRAND,45,139,0,1640000,0,7,5,10
3927713169,197138574,2GOOD,117,1795,0,490000,0,13,4.7,20
3927934127,203519908,OPPO,14,248,0,380000,0,3,5,7
3941296454,48782032,SONY,75,2145,0,13990000,0,41,5,3
3941298342,48782032,SONY,1225,796,0,28900000,0,3186,4.86,29
3945663420,293394460,NOKIA,123,60,0,1990000,0,551,5,12
3947155875,58573345,OUKITEL,53,5,0,42900000,0,81,5,32
3950399707,208445880,SAMSUNG,556,2328,0,10950000,0,541,4.51,259
3957685760,71791006,VSMART,300,1,0,74900000,0,249,4.94,146
3994089482,31558581,NOKIA,148,5,0,200000,0,16,4.44,64
3994879482,42475799,NOKIA,52,17,0,2290000,0,14,4.85,20
4003897829,87493314,NO BRAND,273,43,0,13990000,0,33,4,2
4016403485,212311115,VSMART,19,1,0,34500000,0,58,4.89,9
4020879162,238625379,NOKIA,865,1792,0,1500000,0,60,4.79,268
4050506597,11171175,SONY,892,4241,0,20000000,0,18,4.86,7
4051630130,208445880,NOKIA,25,1,0,4795000,0,9,4.73,11
4052233950,48782032,OPPO,134,555,0,9800000,0,2829,5,4
4057115107,48810739,NO BRAND,30,26632,0,20000000,0,0,5,1
4060359998,92531229,NOKIA,2550,2530,0,850000,0,207,4.71,684
4082850351,182699655,NOKIA,71,30,0,1500000,0,19,4.78,18
4088732797,442297916,NO BRAND,523,50959,0,120000,0,78,4.88,140
4103202433,173705043,MOBIISTAR,5,95,0,25002000,0,5,5,4
4105307922,141143016,NO BRAND,54,145,0,1000000,0,10,4.33,21
4106194802,18278357,SAMSUNG,105,2,0,3490000,0,182,4.58,53
4116597209,3416813,NO BRAND,30,15,0,1850000,0,1,5,8
4118659453,32323459,SONY,9,1,0,4500000,0,45,5,6
4120947697,238625379,OPPO,92,18,0,7500000,0,82,4.67,24
4126518853,62114736,NO BRAND,74,5,0,1600000,0,198,4.73,26
4131860980,228149948,NO BRAND,24,10,0,29900000,0,109,4.73,15
4143711273,48810739,HTC,132,2423,0,14990000,0,235,4.6,5
4182348094,405102750,NO BRAND,30,24,0,4990000,0,17,4.27,11
4192378867,320293695,SAMSUNG,44,183,0,9000000,0,53,4.27,15
4214210921,14053715,NO BRAND,22,44,0,12900000,0,69,4.33,9
4218661327,139018723,NO BRAND,16,5,0,7300000,0,77,4.6,10
4223358871,61212663,SAMSUNG,24,19,0,78000000,0,153,4.53,15
4230458041,174341597,KYOCERA,11,54,0,16900000,0,4492,4.4,5
4231869464,71474818,MOTOROLA,44,8,0,26590000,0,814,4.58,26
4234566483,158663650,NOKIA,21,24,0,2500000,0,2833,4.64,11
4243691924,48810739,SONY,100,2454,0,23990000,0,849,5,3
4244212284,239093832,NO BRAND,31,1762,0,320000,0,2,4.88,8
4249095336,3416813,NO BRAND,15,4,0,330000,0,1,5,4
4251178254,11171175,OPPO,737,4149,0,40000000,0,14,5,4
4252536121,309929726,OPPO,110,27886,0,10000000,0,882,5,2
4252945274,48975746,SAMSUNG,1490,5084,0,38000000,0,523,4.67,9
4257097854,48782032,NO BRAND,180,18763,0,40000000,0,3150,5,4
4258985249,16653328,NOKIA,219,1003,0,750000,0,18,4.47,36
4260080516,158663650,NOKIA,314,1994,0,2500000,0,46,4.72,60
4278122442,41470347,SONY,76,6,0,23000000,0,121,4.78,41
4285440001,189268414,SAMSUNG,226,9953,0,17900000,0,11258,4.54,68
4290523313,241749563,GOOGLE,13,19,0,59680280,0,57,5,7
4308605557,109638114,SONY,36,44,0,11990000,0,359,4.65,23
4310592393,207597840,NO BRAND,49,4996,0,2600000,0,13,4.43,14
4336185825,105747592,NO BRAND,361,2463,0,1998000,0,14961,4.87,68
4355326940,314074013,OPPO,28,16,0,64900000,0,219,5,15
4361322987,30580603,SONY,11,54,0,22900000,0,45,5,5
4370573000,361316234,NOKIA,324,852,0,1990000,0,1834,4.93,46
4380757505,15121,SONY,3,5,0,17500000,0,41,5,3
4410592782,207597840,NO BRAND,135,2958,0,1600000,0,51,4.29,41
4413432295,205405738,KYOCERA,27,113,0,16900000,0,4101,4.75,12
4416892210,76799913,REALME,42,8,0,59990000,0,15186,4.94,17
4433531410,135081922,LG,7,5,0,38500000,0,21,5,6
4435357289,11361481,NO BRAND,9,99,0,14990000,0,30,4.14,7
4437924018,24876825,LG,51,21,0,23990000,0,1925,4.84,31
4438992507,276756534,SAMSUNG,92,11,0,2650000,0,171,3.2,25
4440350665,259793608,NO BRAND,3,36,0,1350000,0,308,5,3
4441198839,48782032,SONY,147,3217,0,27800000,0,3131,4.43,7
4441201182,48782032,SONY,216,1806,0,13990000,0,3188,5,7
4441239051,48782032,LG,244,255,0,45000000,0,3840,4.92,12
4449908626,192933058,NO BRAND,36,58,0,23890000,0,599,4.5,6
4450010711,48810739,NO BRAND,136,1092,0,17990000,0,3642,5,5
4457096059,48782032,SAMSUNG,15,3754,0,15900000,0,0,5,1
4465891416,8940655,GOOGLE,58,2,0,31900000,0,51,5,25
4466160050,36007605,SAMSUNG,46,248,0,590000,0,2,4.67,9
4473565703,146432575,SAMSUNG,15,15,0,75500000,0,17,5,9
4487848870,105747592,2GOOD,24,99,0,4190000,0,1542,4.92,13
4518803664,205281538,OPPO,34,4,0,4500000,0,47,4.25,20
4524501639,205466364,NO BRAND,5,180,0,2935000,0,2,5,3
4525584513,55763871,NO BRAND,11,7,0,58000000,0,130,4.75,8
4536680814,48782032,LG,120,380,0,29900000,0,648,5,4
4547823496,208445880,OPPO,56,98,0,4950000,0,46,4.55,11
4557101476,48782032,SAMSUNG,120,3775,0,18900000,0,1595,5,2
4569234578,43748089,SAMSUNG,725,1273,0,27500000,0,20,5,7
4569647115,29511279,NO BRAND,275,2752,0,19000,0,8,4.92,25
4579741201,241583522,NO BRAND,139,14,0,4500000,0,63,4.63,52
4583018523,129304227,NO BRAND,5,193,0,4290000,0,14,5,3
4584650669,127614887,SONY,216,34,0,19000000,0,177,4.83,122
4603212613,173705043,REALME,8,92,0,50000000,0,6,5,4
4612363168,24876825,LG,637,59,0,22880000,0,2543,4.8,357
4621303684,136092747,NO BRAND,29,495,0,2350000,0,23,3.83,6
4641173566,48782032,SAMSUNG,170,6516,0,49990000,0,53,5,2
4643690782,48810739,SONY,243,2311,0,19000000,0,1634,4.5,8
4646022714,158663650,NOKIA,39,13,0,2990000,0,43,4.63,16
4689718705,289996094,OPPO,116,3,0,4650000,0,57,4.78,9
4693964718,255883179,NO BRAND,40,157,0,1850000,0,46,4.56,9
4717370526,228149948,HUAWEI,6,11,0,72900000,0,43,5,5
4723931938,240476593,NOKIA,44,95,0,2290000,0,403,4.5,14
4735654262,158663650,NOKIA,78,68,0,2000000,0,2890,4.91,35
4739625669,136092747,NO BRAND,75,271,0,1450000,0,159,4,20
4741246867,48782032,NO BRAND,30,888,0,25990000,0,617,5,2
4751165848,208445880,NOKIA,11,4,0,6495000,0,17,4.4,5
4754055404,208445880,NOKIA,41,11,0,3895000,0,11,4.38,16
4757111176,48810739,NO BRAND,47,26559,0,34990000,0,0,5,2
4762899800,131595456,NOKIA,66,89,0,2990000,0,18,4.77,26
4770618372,280978908,NO BRAND,24,2,0,600000,0,0,5,5
4808750309,95535590,NO BRAND,68,75,0,10900000,0,151,4.94,32
4836440435,164073949,MASSTEL,60,1199,0,1100000,0,4396,4.9,21
4839495774,192933058,GOOGLE,53,48,0,24900000,0,1722,4.5,8
4841251883,48782032,NO BRAND,21,77776,0,26900000,0,644,5,3
4841335221,13482524,2GOOD,1160,1554,0,1700000,0,8224,4.94,283
4842710787,192933058,SONY,60,96,0,24500000,0,1839,4.92,37
4850205984,241243428,NO BRAND,395,662,0,4500000,0,954,4.2,5
4853657289,203519908,OPPO,9,119,0,2680000,0,3,5,3
4855281515,48782032,SONY,53,947,0,25500000,0,43,5,3
4857107159,48810739,NO BRAND,48,26510,0,18000000,0,0,5,2
4857108014,48810739,NO BRAND,50,19416,0,20000000,0,0,5,2
4875190314,158663650,NO BRAND,103,36,0,1990000,0,7,5,4
4885617804,55194587,SAMSUNG,160,31,0,187900000,0,62,4.98,44
4938180709,130503882,NOKIA,580,14,0,5990000,0,36,4.21,34
4938694973,89899849,NOKIA,41,68,0,2500000,0,626,4.89,18
4939068752,3892709,NOKIA,31,1,0,1700000,0,1086,5,5
4939628692,48782032,LG,234,555,0,49900000,0,3767,5,10
4943225135,240476593,NO BRAND,30,55,0,4450000,0,5,4,9
4954567296,55763871,NO BRAND,3,29,0,42000000,0,48,5,3
4957089256,48782032,SAMSUNG,1136,9831,0,15500000,0,3228,5,6
4980706153,294426149,2GOOD,24,15,0,6150000,0,15,4.42,12
4989453474,1657913,NO BRAND,37,566,0,5400000,0,4,5,13
5037322129,47730752,2GOOD,142,16,0,1850000,0,4556,5,5
5041854638,199422123,NOKIA,47,36,0,18500000,0,143,4.75,24
5042282539,236893379,SONY,22,17,0,28900000,0,1239,4.67,15
5046107149,13482524,AIMICA,428,1767,0,490000,0,8194,4.8,105
5057093225,48782032,SAMSUNG,20,10937,0,14900000,0,0,5,1
5057403685,36612844,LG,3,16,0,37900000,0,7,5,3
5071319911,329370910,NO BRAND,62,14,0,950000,0,6,4.88,17
5078137656,212863484,LG,24,3,0,36990000,0,5827,4.67,21
5086910390,208445880,SAMSUNG,47,193,0,12900000,0,72,4.64,14
5132935795,31040873,NO BRAND,1454,3109,0,10000,0,239,4.89,94
5133333047,35423418,SAMSUNG,71,87,0,1850000,0,1545,4.91,32
5134517752,129982976,NOKIA,220,1782,0,2250000,0,51,4.78,49
5136331699,48782032,LG,110,390,0,12500000,0,661,5,4
5139813947,223922416,NO BRAND,42,55,0,5450000,0,60,4.09,11
5141178979,115582807,2GOOD,229,1223,0,2200000,0,3,4.83,6
5143711591,48810739,HTC,215,2340,0,18900000,0,3818,5,7
5152511202,114457369,NOKIA,23,20,0,600000,0,8,5,3
5159569633,131605758,NO BRAND,9,99,0,3950000,0,5,5,4
5162298482,39413762,NOKIA,2774,1,0,5000000,0,9333,4.44,16
5170280526,225538911,SAMSUNG,24,217,0,4190000,0,14,4.44,9
5175187737,158663650,NO BRAND,185,21,0,2990000,0,44,4.64,39
5214544813,32323459,SAMSUNG,5,5,0,2000000,0,40,5,5
5216165451,136092747,LANDROVER,61,990,0,4450000,0,29,4.27,15
5225191051,235712495,NOKIA,8,1,0,1990000,0,2098,5,4
5225305589,241365389,NOKIA,56,1656,0,1650000,0,8,4.07,14
5230460584,167948253,KYOCERA,25,114,0,16900000,0,15638,4.8,10
5236597457,48782032,LG,145,568,0,33390000,0,44,5,4
5241199593,48782032,SAMSUNG,163,1079,0,28500000,0,3068,5,6
5241251207,48782032,NO BRAND,21,886,0,24900000,0,628,5,3
5243654263,48810739,SAMSUNG,101,2454,0,29900000,0,753,5,4
5249650786,302506524,HUAWEI,67,331,0,4697000,0,768,5,10
5255296076,48782032,SONY,25,975,0,18900000,0,50,5,2
5257105581,48810739,HTC,77,18437,0,18500000,0,1351,5,3
5262414325,48810739,NO BRAND,6349,19144,0,2500000,0,3661,4.6,40
5273613116,30580603,SONY,7,53,0,18500000,0,12,5,5
5276102823,121025552,NO BRAND,6,7,0,1990000,0,0,5,3
5284050318,8940655,GOOGLE,120,1,0,41900000,0,174,4.95,60
5292737408,114265579,NO BRAND,34,6299,0,187300,0,454,4.75,8
5323116789,139018723,NO BRAND,46,194,0,4500000,0,277,4.64,14
5331374226,42116881,SONY,30,50,0,26990000,0,7713,5,20
5341206392,48782032,HTC,81,929,0,16990000,0,463,5,4
5350834614,130012732,OPPO,31,594,0,4650000,0,41,4.7,10
5352354542,208445880,NOKIA,45,27,0,4300000,0,21,4.62,13
5352893044,71791006,VSMART,38,1,0,49900000,0,47,5,16
5357098194,48782032,LG,48,8702,0,50000000,0,48,5,2
5360069192,158663650,NOKIA,93,95,0,2690000,0,6,4.67,3
5370586213,361316234,NOKIA,31,1,0,3000000,0,1820,4.92,12
5372900605,276123324,MASSTEL,21,14,0,5900000,0,16,4.83,6
5420779011,199422123,SONY,89,83,0,12500000,0,150,4.86,44
5420940441,238625379,NOKIA,1745,160,0,1800000,0,148,4.88,609
5422605698,223922416,NO BRAND,48,103,0,4500000,0,9,4.5,16
5431864868,197138574,NO BRAND,54,398,0,5390000,0,120,5,17
5443637707,48810739,SAMSUNG,130,2425,0,13900000,0,3825,5,4
5444681260,167948253,KYOCERA,33,76,0,14900000,0,14212,5,12
5452119260,95535590,NO BRAND,18,61,0,13900000,0,55,4.78,9
5452531630,309929726,LG,165,19808,0,12500000,0,877,4.5,6
5457089160,48782032,SONY,65,26422,0,20000000,0,51,5,3
5470695845,126930889,NOKIA,4,16,0,16400000,0,10,5,3
5471733310,117763716,NOKIA,3,5,0,16680000,0,18,5,3
5475737343,192933058,SAMSUNG,22,48,0,51890000,0,402,5,3
5512046636,1657913,NO BRAND,1092,7891,0,2700000,0,5435,4.71,346
5519897958,205405738,NO BRAND,22,113,0,16900000,0,4107,4.79,14
5536246484,48782032,NO BRAND,216,284,0,4800000,0,3184,5,6
5539527213,238625379,NO BRAND,138,16,0,550000,0,18,4.78,60
5542621790,157712686,NO BRAND,38,8,0,15500000,0,12,5,6
5542741206,143976140,SONY,20,9,0,21900000,0,208,5,14
5543949942,48975746,SAMSUNG,620,1178,0,27990000,0,8,5,5
5546019474,158663650,NOKIA,12,37,0,2500000,0,21,4.2,5
5551129059,89899849,NO BRAND,444,183,0,2500000,0,689,4.52,116
5568954341,1657913,NO BRAND,11,194,0,13200000,0,1,5,5
5601085182,136051053,AIEK,33,55,0,5190000,0,13,5,6
5629508003,141143016,NO BRAND,7,19992,0,1450000,0,1,5,3
5632458999,205281538,SAMSUNG,7,3,0,3800000,0,21,5,3
5636294652,176268579,NO BRAND,20,43,0,1000000,0,78,4.36,11
5636440855,14408514,MASSTEL,76,488,0,1100000,0,40,4.8,26
5641227686,48782032,LG,157,551,0,19490000,0,511,5,4
5641247010,48782032,OPPO,416,811,0,29900000,0,3699,5,11
5643673537,48810739,SAMSUNG,167,2388,0,29900000,0,3661,5,5
5645688863,293394460,NOKIA,171,2,0,2100000,0,610,4.78,41
5655276455,48782032,SONY,62,838,0,25000000,0,33,5,4
5655298525,48782032,SONY,36,864,0,18900000,0,49,5,1
5657098578,48782032,SAMSUNG,106,3794,0,18900000,0,37,5,3
5658825405,203847255,OPPO,6,97,0,13990000,0,2617,5,5
5693373195,477242638,NOKIA,3405,7967,0,2190000,0,191,4.52,824
5697084520,268722979,NOKIA,15,1,0,7000000,0,7,5,7
5702787642,118122501,SAMSUNG,21,33,0,63900000,0,179,4.94,18
5708189189,70094786,NOKIA,61,122,0,3200000,0,22,4.35,23
5716900522,48135204,SAMSUNG,7,10,0,170000000,0,15,5,6
5730463056,205405738,KYOCERA,34,51,0,16900000,0,4079,5,10
5739292598,238625379,NOKIA,146,151,0,200000,0,13,4.93,14
5743103267,48782032,SAMSUNG,465,451,0,12900000,0,3288,4.81,21
5743689445,48810739,SONY,95,2475,0,25000000,0,201,5,3
5743705710,48810739,HTC,196,2379,0,22900000,0,3929,5,6
5757093081,48782032,LG,62,21142,0,50000000,0,44,5,1
5757098617,48782032,SAMSUNG,20,17056,0,50000000,0,0,5,1
5757109871,48810739,SONY,51,32198,0,20000000,0,0,5,2
5771235362,225538911,NO BRAND,95,3,0,1995000,0,17,4.79,24
5784428864,405102750,NO BRAND,62,11,0,4390000,0,34,4.76,17
5793283707,477242638,NOKIA,910,6223,0,1990000,0,70,4.61,256
5813879445,141143016,NO BRAND,13,185,0,1700000,0,4,5,4
5825327262,197138574,AIEK,10,197,0,5690000,0,50,5,6
5825586237,203519908,OPPO,30,62,0,1520000,0,4,5,7
5843817113,42116881,LG,38,7,0,35990000,0,88,4.96,26
5849789144,129982976,NO BRAND,59,21,0,2490000,0,32,4.36,14
5852157816,208445880,NOKIA,8,3,0,8495000,0,14,5,3
5855335201,48782032,SONY,117,682,0,18930000,0,3058,5,7
5858009043,203519908,OPPO,5,123,0,350000,0,2,5,3
5858950692,41470347,SONY,42,1,0,18500000,0,43,4.9,20
5862564382,52797090,PANASONIC,50,388,0,3240000,0,3,4.81,16
5863046455,27056484,NO BRAND,41,4,0,1500000,0,0,4.89,9
5868120996,351898295,NO BRAND,195,54304,0,5000000,0,3717,5,5
5871525793,27662376,NO BRAND,27,24,0,4990000,0,3,4.93,14
5891971632,158663650,NO BRAND,46,25,0,2990000,0,7,4.14,21
5900527273,183016088,NO BRAND,18,146,0,2244500,0,281,5,5
5916599836,225538911,NO BRAND,21,1179977,0,6200000,0,30,4.5,8
5920932448,114457369,NOKIA,230,468,0,1400000,0,29,4.9,79
5926548108,130503882,NO BRAND,277,108,0,3500000,0,19,4.77,31
5931339598,161902920,SAMSUNG,7,9,0,61900000,0,26,5,4
5932521105,223922416,NOKIA,17,109,0,4990000,0,14,5,5
5936052660,48782032,NO BRAND,38,333,0,18990000,0,39,5,3
5936052819,48782032,NO BRAND,40,210,0,19500000,0,47,5,2
5941197203,48782032,SONY,95,104,0,39900000,0,59,5,5
5941249279,48782032,NO BRAND,59,2306,0,18500000,0,634,5,4
5944131780,14474334,NOKIA,28,72,0,500000,0,7,5,5
5944327836,48810739,LG,40,2515,0,38950000,0,231,5,2
5944711440,208445880,NO BRAND,116,356,0,4125000,0,20,4.86,28
5955270893,48782032,SONY,56,1199,0,22500000,0,50,5,4
5956104708,263771883,AMAZON,16,50,0,2200000,0,6,5,6
5957094530,48782032,SONY,15,25453,0,25000000,0,0,5,1
5957102756,48810739,SAMSUNG,174,16476,0,16000000,0,1,5,3
5964095436,135081922,LG,16,9,0,23800000,0,78,5,8
5969861226,18479475,NO BRAND,259,5,0,4090000,0,342,4.82,109
5977707530,113506450,SONY,10,1,0,6880000,0,81,5,4
6001396180,31474031,SAMSUNG,16,762,0,77000000,0,1868,5,8
6012200128,24876825,LG,9,2,0,28990000,0,1840,5,7
6013480242,83813714,NOKIA,7,40,0,3450000,0,9,5,3
6023710817,235712495,NOKIA,7,4,0,1900000,0,3131,5,3
6034464851,91772591,SONY,249,180,0,18500000,0,208,4.92,165
6034819927,136092747,OPPO,57,4509,0,3950000,0,60,4.59,22
6043697579,48810739,LG,22,2532,0,29900000,0,232,5,3
6055333893,48782032,SONY,73,927,0,18900000,0,44,5,5
6057105824,48810739,NO BRAND,47,7706,0,13900000,0,0,5,2
6057108756,48810739,HTC,53,16329,0,20000000,0,0,5,2
6060560647,131605758,NOKIA,27,100,0,3990000,0,12,4.71,14
6064634328,49282974,SONY,159,8,0,15980000,0,154,4.76,71
6082125804,404523840,NOKIA,25,3999970,0,1990000,0,8,4.13,8
6101395123,87493314,NO BRAND,264,76,0,12400000,0,117,4,4
6106768866,87493314,NO BRAND,14,13,0,4990000,0,27,4.67,6
6107678209,89681009,SAMSUNG,4,20,0,89500000,0,23,5,3
6120818227,30580603,NO BRAND,25,29,0,22500000,0,58,4.93,15
6120942736,238625379,NOKIA,311,98,0,2950000,0,44,4.78,116
6124861013,197138574,2GOOD,417,1686,0,1690000,0,65,4.85,85
6133689264,24876825,LG,12,1,0,31990000,0,1868,4.75,8
6136060339,48782032,NO BRAND,56,222,0,17990000,0,35,5,4
6139624410,136092747,NOKIA,50,118,0,2950000,0,21,4.54,13
6143654454,48810739,SAMSUNG,41,2510,0,24990000,0,11,5,3
6143709664,48810739,HTC,112,2443,0,17990000,0,298,5,2
6157110728,48810739,NO BRAND,25,17751,0,40000000,0,1,5,1
6157201979,48135204,VSMART,70,1,0,25900000,0,163,4.71,41
6168875914,2636529,NO BRAND,323,268,0,2450000,0,3332,4.76,50
6179686585,380870585,SAMSUNG,13,24,0,2500000,0,19,4.33,9
6181893597,16214702,NOKIA,28,92,0,1290000,0,5,4.88,8
6190188174,71791006,VSMART,231,1,0,26900000,0,304,4.97,108
6203185926,173705043,NOKIA,5,95,0,25000000,0,4,5,4
6241244465,48782032,NO BRAND,1121,4528,0,25000000,0,3784,5,18
6243705815,48810739,HTC,180,2375,0,18900000,0,3810,5,7
6245703037,47562103,OPPO,14,3,0,4180000,0,21,4.38,8
6248298698,96292182,NOKIA,36,6855,0,2200000,0,0,4.67,12
6252365067,108110554,HTC,135,1859,0,16900000,0,22,4,4
6255277609,48782032,SONY,59,941,0,25000000,0,45,5,3
6257108101,48810739,SAMSUNG,20,26419,0,15000000,0,0,5,1
6257109460,48810739,NO BRAND,50,13234,0,14990000,0,1,5,2
6262895460,131595456,NOKIA,21,200,0,4050000,0,4,4.6,5
6266548710,167948253,SHARP,34,58,0,16490000,0,162,5,18
6276563974,24876825,LG,12,16,0,29000000,0,61,4.88,8
6281873281,31558581,NOKIA,624,7,0,300000,0,187,4.59,241
6287486100,405166547,NOKIA,26,100,0,3650000,0,5,4.55,11
6291258614,1657913,NO BRAND,40,2,0,2350000,0,3,4.85,13
6341258200,48782032,OPPO,217,845,0,41990000,0,3802,5,12
6343705089,48810739,HTC,124,2436,0,16500000,0,1068,5,4
6352369498,108110554,LG,259,6220,0,16500000,0,19,4.33,15
6352529913,309929726,MOTOROLA,33,12629,0,19990000,0,928,5,3
6352960212,48975746,NO BRAND,318,12124,0,24000000,0,2586,5,2
6355361664,48782032,SAMSUNG,299,700,0,32500000,0,3129,5,14
6392955502,24876825,LG,68,8,0,35990000,0,135,4.73,41
6402949921,83813714,NOKIA,10,58,0,5000000,0,11,5,5
6407555883,145808347,SAMSUNG,85,196,0,8500000,0,255,4.24,33
6423911875,240476593,NO BRAND,12,55,0,3200000,0,363,5,3
6431590499,91772591,SONY,71,45,0,18990000,0,78,4.8,40
6431862302,13482524,NO BRAND,156,398,0,5390000,0,8679,4.98,44
6435054649,81069780,NO BRAND,21,54943,0,3000000,0,6,5,10
6436056271,48782032,NO BRAND,277,67756,0,17990000,0,3044,5,11
6441227479,48782032,LG,71,554,0,31950000,0,502,4.75,4
6443097713,48782032,SAMSUNG,1786,3782,0,19990000,0,3679,4.65,31
6444322383,48810739,LG,65,2490,0,47990000,0,255,5,3
6450840211,91772591,LG,63,86,0,36990000,0,94,4.95,41
6452473806,309929726,SAMSUNG,160,39330,0,10880000,0,946,5,3
6453656660,225538911,XIAOMI,12,397,0,8695000,0,16,4.75,4
6455360699,48782032,SAMSUNG,83,916,0,27600000,0,36,5,4
6457020919,203519908,OPPO,10,118,0,1200000,0,4,5,3
6457104778,48810739,NO BRAND,50,12466,0,20000000,0,0,5,2
6468120589,351898295,NOKIA,470,1156,0,2350000,0,3808,4.77,13
6475522453,134675802,NOKIA,91,31,0,180000,0,12,4.54,26
6487788444,434360904,NO BRAND,5698,29949,0,5490000,0,308,4.61,121
6495878175,129649666,NOKIA,56,484,0,2850000,0,37,4.4,30
6516293928,95535590,XIAOMI,23,19,0,9900000,0,66,4.9,10
6516669554,220356273,NO BRAND,23,440,0,6850000,0,47,5,7
6518870343,95535590,NO BRAND,15,29,0,11890000,0,65,4.67,6
6520531411,30580603,NO BRAND,34,56,0,18500000,0,64,4.88,17
6526066297,77275393,NOKIA,138,307,0,2300000,0,9,4.65,26
6529063278,83158649,SONY,113,91,0,11500000,0,236,4.66,58
6536243858,48782032,NOKIA,119,131,0,4890000,0,3145,5,3
6536244996,48782032,NOKIA,474,26,0,5500000,0,3760,5,11
6537099598,16214702,NOKIA,372,2994,0,790000,0,15,4.76,95
6538995964,229093146,NO BRAND,18,54,0,1880000,0,3,4,8
6540294640,136092747,NOKIA,26,186,0,4990000,0,22,4.38,8
6541115541,130503882,NO BRAND,13,188,0,5990000,0,7,4.6,5
6541598594,130503882,NOKIA,15,3869,0,490000,0,3,5,2
6541849016,48782032,LG,211,2899,0,29990000,0,2185,5,5
6542173294,48135204,VSMART,43,20,0,15900000,0,24,5,13
6552364204,108110554,HTC,148,13181,0,15900000,0,16,4.14,7
6557098503,48782032,HTC,104,18330,0,17900000,0,49,5,4
6563305173,89105746,GOOGLE,4,19,0,27000000,0,6664,5,4
6565895870,293394460,NOKIA,126,5,0,3000000,0,540,4.33,15
6566542903,174341597,SHARP,12,36,0,16400000,0,3800,5,8
6568121166,351898295,NOKIA,360,374609,0,4800000,0,3921,5,8
6570556782,280978908,NO BRAND,27,15,0,500000,0,2,5,9
6577099912,27056484,NO BRAND,5,2,0,900000,0,0,5,2
6586910000,188761968,VSMART,43,35,0,25000000,0,91,5,28
6588440673,130207332,NO BRAND,45,370,0,10500000,0,51,4.87,23
6590274740,345162160,NO BRAND,144,619,0,2300000,0,16,4.59,54
6606892725,199422123,SONY,224,58,0,11500000,0,799,4.74,125
6610199340,42535231,NO BRAND,1039,853,0,460000,0,3341,4.99,69
6618209754,70094786,XIAOMI,43,4,0,12990000,0,63,4,17
6620480143,30580603,NO BRAND,82,1,0,22000000,0,118,4.73,49
6629520344,167948253,KYOCERA,20,70,0,16900000,0,15703,4.75,12
6636258598,48782032,HTC,155,5666,0,27500000,0,694,5,3
6636444270,89899849,NOKIA,359,157,0,1990000,0,664,4.53,85
6639214407,114457369,NOKIA,38,53,0,1700000,0,8,4.71,7
6640622720,105747592,NO BRAND,17,797,0,480000,0,86,4.7,10
6641199792,48782032,SONY,212,2029,0,28500000,0,3082,5,10
6643672978,48810739,SAMSUNG,42,2513,0,32900000,0,279,5,4
6658555977,54915183,NO BRAND,26,25,0,6900000,0,33,4.33,12
6667418129,67083553,NO BRAND,80,4,0,8350000,0,33,4.97,35
6669436430,25143432,SAMSUNG,213,4729,0,23990000,0,2,4.5,10
6700878893,87493314,NO BRAND,355,110,0,8300000,0,153,4.5,16
6703975918,117219515,SONY,3,2,0,11900000,0,35,5,3
6707029661,14947974,NOKIA,2274,254,0,5500000,0,102,4.92,171
6707240787,140721850,NOKIA,124,900,0,3200000,0,223,4.22,45
6708662381,150463701,REALME,8,2,0,75000000,0,11,5,4
6732587849,139018723,NO BRAND,16,98,0,1500000,0,66,5,7
6736596107,48782032,LG,354,643,0,32950000,0,3181,4.58,12
6740051371,278734867,NO BRAND,22,122,0,1700000,0,1,4.14,7
6741241830,48782032,LG,325,175,0,38900000,0,3793,5,9
6743703016,48810739,LG,77,2495,0,32990000,0,1034,5,4
6744322085,48810739,LG,92,2462,0,37990000,0,281,5,5
6750985799,48135204,VSMART,42,1,0,28900000,0,38,4.94,31
6752530844,309929726,SAMSUNG,134,50906,0,24500000,0,877,5,3
6752538084,309929726,OPPO,111,48964,0,7500000,0,920,4.29,7
6752867964,28079978,LG,7,2,0,89000000,0,17,4.86,7
6752954719,48975746,SAMSUNG,1101,9940,0,14900000,0,3007,5,6
6757239919,125969601,SAMSUNG,16,10,0,130000000,0,50,5,9
6792700992,83813714,NOKIA,72,109,0,4490000,0,77,4.93,30
6823660594,72403142,OPPO,87,19,0,4790000,0,178,4.46,26
6841250504,48782032,NO BRAND,138,3325,0,26900000,0,3720,5,5
6842173465,48135204,VSMART,6,20,0,18880000,0,13,5,3
6843705218,48810739,HTC,225,2327,0,16500000,0,3945,5,7
6844051587,61212663,NO BRAND,13,2,0,62900000,0,97,3.9,10
6852860704,207597840,NO BRAND,107,2979,0,1550000,0,38,4.79,29
6854726078,208445880,NOKIA,34,3,0,6895000,0,23,4.13,15
6855279398,48782032,SONY,59,941,0,25100000,0,35,5,4
6857087157,48782032,SONY,81,26473,0,20000000,0,45,5,3
6857111152,48810739,NO BRAND,25,8336,0,69000000,0,0,5,1
6857113183,48810739,SAMSUNG,363,25539,0,66000000,0,14,3.33,6
6859151863,27568450,LG,3,1,0,26590000,0,12,5,3
6866534510,174341597,CAT,23,129,0,8900000,0,4574,5,13
6868120458,351898295,NOKIA,429,6883,0,3600000,0,3843,4.07,14
6877908641,136092747,SERVO,9,25,0,3490000,0,3,5,5
6900978355,141143016,NO BRAND,19,1979,0,1680000,0,7,5,9
6903199758,173705043,ITEL,6,94,0,12501000,0,8,5,4
6936245860,48782032,NOKIA,42,258,0,4200000,0,49,5,1
6941171782,48782032,SAMSUNG,15,522,0,49990000,0,46,5,1
6941838620,48782032,SONY,1007,1327,0,13990000,0,3788,4.73,33
6943709287,48810739,HTC,126,2427,0,14990000,0,1564,5,4
6945112782,208445880,NOKIA,93,661,0,3550000,0,27,4.56,45
6949478858,208445880,SAMSUNG,317,162,0,4255000,0,379,4.68,124
6957090159,48782032,LG,1053,7660,0,53000000,0,3147,4.83,23
6957108218,48810739,SONY,19,26468,0,20000000,0,0,5,1
6957110215,48810739,NO BRAND,18,53235,0,30000000,0,0,5,1
6957110393,48810739,SAMSUNG,250,25704,0,50000000,0,2,5,2
6957111463,48810739,NO BRAND,25,35527,0,30000000,0,0,5,1
6961781182,108379546,NOKIA,14,135,0,600000,0,4608,4.4,5
6968109678,351898295,NOKIA,247,299722,0,4700000,0,3821,5,5
6990939852,456926161,NO BRAND,593,17,0,27000000,0,1699,5,94
6991006161,116554044,NO BRAND,2119,19965,0,18500000,0,74,4.88,26
6993590444,42475799,SAMSUNG,40,71,0,4390000,0,533,4.78,23
7042072748,117219515,NO BRAND,18,12,0,12000000,0,56,4.42,12
7043641566,48810739,SAMSUNG,175,2377,0,19900000,0,3862,4.63,8
7045382818,203824801,NOKIA,11,791,0,480000,0,10,4.75,4
7052369054,108110554,MOTOROLA,1904,6666,0,19990000,0,26,4.2,5
7053808099,118122501,ONEPLUS,5,20,0,59900000,0,41,5,3
7064643875,92531229,NO BRAND,450,1288,0,790000,0,47,4.36,121
7079362564,242263416,XIAOMI,373,152,0,12500000,0,171,4.73,59
7088880705,110564302,VSMART,51,5,0,39990000,0,153,5,41
7114094534,108110554,SAMSUNG,229,1,0,24500000,0,39,4.43,7
7114444667,61212663,LG,11,10,0,71900000,0,52,4.5,4
7117394596,136092747,NOKIA,167,66,0,4950000,0,46,4.83,48
7138163397,130503882,NOKIA,556,10,0,7990000,0,18,3.75,16
7139468224,20977279,NOKIA,177,1156,0,1790000,0,57,4.85,46
7143109387,48782032,SAMSUNG,1390,3747,0,21000000,0,3803,4.76,37
7143678750,48810739,SAMSUNG,452,2122,0,24590000,0,3862,4.67,18
7144323225,48810739,NO BRAND,82,2473,0,38490000,0,1434,5,4
7145735194,293394460,NOKIA,128,904,0,1790000,0,642,5,24
7152396911,178181467,SAMSUNG,676,12195,0,3600000,0,578,4.67,267
7164834064,8850185,OPPO,14,3,0,6500000,0,123,5,5
7171517570,268445629,NO BRAND,11,3789,0,109000,0,31,5,3
7182886392,125969601,SAMSUNG,13,19,0,219990000,0,47,5,9
7236244424,48782032,NOKIA,366,212,0,5000000,0,3748,4.67,21
7236248420,48782032,NOKIA,59,241,0,4500000,0,1606,5,3
7239647804,14145573,NO BRAND,22,13,0,2500000,0,3,5,5
7243657883,48810739,SAMSUNG,80,2475,0,28990000,0,1406,5,3
7243662294,48810739,SAMSUNG,338,2216,0,21900000,0,3846,4.5,12
7243702851,48810739,NO BRAND,53,2515,0,39900000,0,311,5,3
7257109563,48810739,NO BRAND,25,25627,0,47990000,0,0,5,1
7258120583,143976140,GOOGLE,61,10,0,26520000,0,45,5,34
7261637426,30580603,LG,18,72,0,15900000,0,51,4.7,10
7270562481,361316234,NOKIA,205,65,0,3000000,0,1836,4.45,20
7282346787,405102750,NO BRAND,163,47,0,2390000,0,24,4.88,42
7331654152,118122501,LG,12,19,0,33900000,0,30,4.67,6
7333314712,118122501,SAMSUNG,11,39,0,54900000,0,46,5,7
7334679670,158663650,NOKIA,689,1174,0,2390000,0,2896,4.81,221
7335969371,48782032,NO BRAND,487,33524,0,6500000,0,3095,4.84,19
7336249051,48782032,NOKIA,6252,2995,0,4850000,0,3216,4.5,62
7342017523,238625379,OPPO,8,20,0,11500000,0,22,4.4,5
7343307755,208445880,NOKIA,261,133,0,19800000,0,955,4.53,99
7343704943,48810739,HTC,211,2351,0,13990000,0,4039,4.5,8
7347174291,205405738,SHARP,9,152,0,22900000,0,4047,5,5
7352532965,309929726,NO BRAND,14,23494,0,7500000,0,854,5,3
7357089480,48782032,SONY,15,19776,0,20000000,0,2,5,1
7357107974,48810739,SAMSUNG,554,16001,0,16500000,0,3621,5,5
7357108619,48810739,SAMSUNG,154,12305,0,38000000,0,3614,4,4
7361286059,236893379,SONY,33,25,0,18500000,0,61,4.82,17
7366471687,13442962,SAMSUNG,31,49,0,159990000,0,7155,4.25,4
7384425847,13442962,NO BRAND,30,90,0,68900000,0,602,5,6
7400881005,87493314,OPPO,101,16,0,6200000,0,90,4.11,9
7408506133,150463701,NOKIA,10,20,0,7500000,0,22428,5,4
7416542494,208445880,XIAOMI,43,19,0,8295000,0,83,4.63,16
7432626130,208445880,NO BRAND,13,56,0,8985000,0,16,4,2
7438819602,136092747,NOKIA,209,317,0,3450000,0,50,4.14,70
7443709515,48810739,HTC,96,2459,0,18000000,0,264,5,4
7445329337,48810739,SAMSUNG,277,2290,0,30900000,0,3837,4.38,21
7451224545,136092747,OPPO,92,287,0,3790000,0,59,4.31,26
7452366593,108110554,HTC,248,18566,0,17900000,0,29,5,8
7457105565,48810739,SONY,50,12156,0,16990000,0,0,5,2
7479686296,380870585,SAMSUNG,25,1,0,3500000,0,45,4.75,12
7517156140,203519908,NO BRAND,12,857,0,1760000,0,24,5,6
7526330476,212075724,NO BRAND,8,3,0,6919500,0,23,5,5
7536434210,89899849,NO BRAND,720,306,0,2500000,0,708,4.87,235
7539069839,192933058,LG,106,95,0,26880000,0,1663,4.73,52
7539569811,238625379,NOKIA,281,86,0,1900000,0,63,4.84,105
7541093400,26523891,OPPO,19,1,0,1899900,0,16,5,11
7543658648,48810739,SAMSUNG,169,2397,0,29900000,0,3545,5,6
7543702553,48810739,LG,194,2446,0,34990000,0,3839,5,7
7544323100,48810739,LG,61,2494,0,37950000,0,248,5,4
7546012577,158663650,NOKIA,8,46,0,2500000,0,42,4.83,6
7550204452,241243428,NOKIA,120,1880,0,18000000,0,919,0,0
7555279530,48782032,SONY,205,894,0,25100000,0,3198,5,11
7557105767,48810739,SAMSUNG,64,3836,0,18900000,0,725,4,4
7560354568,178181467,OPPO,333,863,0,4300000,0,238,4.71,142
7561451519,20977279,NOKIA,304,1939,0,2390000,0,78,4.67,102
7571507026,361316234,NOKIA,260,891,0,2190000,0,33,4.82,34
7589079097,321669847,PANASONIC,65,97,0,3000000,0,4,5,6
7605204653,141143016,NO BRAND,11,188,0,450000,0,1,5,5
7616996176,27056484,NO BRAND,73,7,0,1000000,0,13,4.79,19
7617716312,228149948,HUAWEI,7,1,0,46900000,0,45,5,4
7637743461,50766183,NOKIA,26,12,0,3100000,0,2907,4.67,6
7639819830,35449507,NOKIA,3,97,0,2790000,0,13,5,3
7643708666,48810739,OPPO,102,2451,0,47990000,0,1755,5,6
7657090716,48782032,SONY,30,19822,0,20000000,0,0,5,2
7657104601,48810739,NO BRAND,393,18581,0,23000000,0,3659,5,1
7657104773,48810739,SAMSUNG,57,10910,0,15500000,0,1,5,2
7658256181,125969601,SAMSUNG,8,94,0,69900000,0,14,5,3
7660575052,127416111,NO BRAND,191,7,0,21300000,0,134,4.99,80
7681845425,58573345,OUKITEL,8,0,0,32900000,0,14,5,6
7682257946,405102750,NO BRAND,48,24,0,1490000,0,13,4.47,15
7701397889,31474031,SAMSUNG,10,390,0,94000000,0,1973,4.67,6
7710868228,208445880,NO BRAND,196,179,0,2350000,0,18,4.61,51
7720050862,48135204,VSMART,67,6,0,8900000,0,87,4.93,30
7725038675,241365389,NOKIA,19,110,0,2650000,0,10,4.5,6
7732884176,74264930,SONY,7,300,0,21500000,0,32,5,3
7734489891,74264930,SONY,9,200,0,27900000,0,40,5,8
7735369175,158323995,NO BRAND,9,1397,0,300000,0,1,4.8,5
