item_id,shop_id,Brand,sold_quantity,stock,discount_price,original_price,discount,liked_count,rating_star,number_of_ratings
6685849255,65589552,SAMSUNG,16347,2976,289000000,349000000,0.17,4589,4.941774816,2862
1236186398,1657913,NOKIA,20511,27855,9900000,11000000,0.1,32530,4.647918653,6298
9764742653,453347243,TECNO,684,2256,289000000,399000000,0.28,863,4.898734177,316
6602136609,70094786,NO BRAND,13681,23,19500000,24500000,0.2,1270,4.859684947,3440
7297413303,65589552,SAMSUNG,3270,229,439000000,589000000,0.25,13413,4.921875,770
1605445818,1657913,NO BRAND,6135,15414,13500000,0,0,27367,4.594379963,1638
3400182282,88201679,APPLE,5342,503,1209000000,2299000000,0.47,11637,4.90765927,1399
938839622,1657913,NOKIA,10212,8290,15400000,16500000,0.07,26581,4.666000666,3004
4451525706,178181467,OPPO,1785,1430,45000000,0,0,823,4.674681754,707
8958237106,116554044,NOKIA,10573,29782,29900000,0,0,221,4.698630137,220
4671213508,1657913,NO BRAND,2834,47349,15000000,17500000,0.29,121,4.720164609,729
9980498489,65589552,SAMSUNG,1615,635,959000000,1599000000,0.4,1777,4.841584158,607
2128956919,83813714,2GOOD,4945,8,19500000,24500000,0.2,746,4.853658537,1231
5600084939,88201679,APPLE,10075,657,1099900000,2199000000,0.5,19965,4.875907112,2781
2730694104,173435846,NO BRAND,5323,173,1200000,0,0,117,4.779487179,195
6487788444,434360904,NO BRAND,5698,29949,54900000,0,0,308,4.611570248,121
3387888379,434360904,NO BRAND,7326,29987,44900000,0,0,111,4.651162791,86
10359777835,308461157,APPLE,2746,24,2739000000,3299000000,0.17,5083,4.947176685,550
7449694137,193124085,XIAOMI,2179,240,211900000,269000000,0.21,129533,4.968253968,819
3749587485,11171175,SONY,7336,12553,99900000,188000000,0.47,2863,4.085106383,94
10310058574,116554044,NO BRAND,3702,49963,8500000,0,0,169,4.719101124,178
6841610782,40757878,XIAOMI,1225,198,210900000,249000000,0.15,655,4.960629921,381
4856449214,256310525,MASSTEL,1454,134,59900000,69900000,0.22,145,4.930970149,536
5568773359,83115490,NO BRAND,1203,506,666600,999900,0.33,141,4.932659933,297
4863021470,331695868,XIAOMI,798,208,212900000,249000000,0.14,558,4.965517241,232
7043145752,234729693,NO BRAND,3790,4052,5000000,9000000,0.44,1377,4.846766169,1005
13101143285,130961937,REALME,1915,40,305000000,399000000,0.29,944,4.920993228,443
2463588214,110084472,NO BRAND,801,382,5000000,0,0,52,4.930635838,346
9076180614,24876825,LG,1222,47,327600000,0,0,1362,4.860248447,646
10115559668,23597245,SAMSUNG,1046,90,979000000,1549000000,0.37,308,4.960629921,381
10503840526,191065034,XIAOMI,1292,1,749000000,899000000,0.17,1701,4.89254766,577
4841335221,13482524,2GOOD,1160,1554,17000000,0,0,8224,4.939929329,283
10562441676,236538249,XIAOMI,824,90,1499000000,0,0,175,4.998058252,515
5420940441,238625379,NOKIA,1745,160,18000000,0,0,148,4.876441516,609
4660739098,88201679,APPLE,1527,36,1529000000,2499000000,0.39,5771,4.909259259,545
5243443184,288286284,APPLE,1329,309,1099000000,1299000000,0.15,8189,4.961995249,421
10181698147,648351406,NO BRAND,1006,147019,5700000,7000000,0.33,295,4.7875,80
5488834436,191065034,XIAOMI,994,36,789000000,999000000,0.21,3785,4.932885906,448
2521259776,49282974,SONY,1685,1,159800000,0,0,1202,4.808118081,814
3390325317,199249933,REALME,877,1,699000000,759000000,0.08,410,4.892670157,382
7312453242,13928634,NO BRAND,827,755,2000000,0,0,41,4.879432624,282
3907353819,200312728,NO BRAND,1117,4,33900000,0,0,112,4.892703863,233
2873275089,70094786,NO BRAND,953,126,42000000,59000000,0.29,141,4.868852459,305
3206864436,95535590,XIAOMI,532,116,89000000,0,0,931,4.905405405,222
1186940117,70094786,NOKIA,2373,339,19500000,22000000,0.11,353,4.768331562,942
11200086743,259277144,NO BRAND,864,112049,700000,0,0,114,4.938931298,131
6240476930,70094786,NO BRAND,723,224,45000000,65000000,0.31,94,4.882352941,170
1550180834,49282974,XIAOMI,2376,158,109800000,119800000,0.08,1565,4.71349353,1082
13928850471,308461157,APPLE,890,26,1939000000,2399000000,0.25,2019,4.863468635,271
1802173361,1657913,NOKIA,1790,23937,9000000,0,0,9270,4.778026906,446
3128808599,66575073,NO BRAND,907,960,26900000,0,0,166,4.884210526,190
7862927348,101299832,NOKIA,1012,3740,17900000,20000000,0.15,111,4.676190476,105
4488480836,113506450,SAMSUNG,672,735,38000000,48800000,0.37,638,4.747404844,289
5952371130,108110554,SAMSUNG,2421,18845,74500000,130000000,0.49,34,4.458333333,24
5262414325,48810739,NO BRAND,6349,19144,25000000,0,0,3661,4.6,40
5512046636,1657913,NO BRAND,1092,7891,27000000,0,0,5435,4.710982659,346
7336249051,48782032,NOKIA,6252,2995,48500000,0,0,3216,4.5,62
4742089256,101299832,NOKIA,1596,2234,17900000,20000000,0.2,132,4.768595041,121
4060359998,92531229,NOKIA,2550,2530,8500000,0,0,207,4.710526316,684
375676547,1657913,NO BRAND,1436,4939,27000000,0,0,22540,4.685300207,483
7607042170,1657913,NO BRAND,1008,4587,15500000,16000000,0.03,5884,4.623493976,332
5847577555,11171175,XIAOMI,7038,8483,79900000,95000000,0.2,1850,4.62962963,27
8239982417,71474818,GOOGLE,431,68,254065000,298900000,0.15,488,4.802690583,223
3649587705,11171175,SONY,6865,18405,125000000,250000000,0.5,2970,4.401960784,102
1762902024,20977279,NOKIA,613,1135,27500000,0,0,110,4.71559633,218
6214192683,138233819,NO BRAND,1724,4597,2380000,2800000,0.15,717,4.576368876,347
9272220112,458675969,OPPO,5137,1046,335000000,429000000,0.22,1515,4.943833944,836
1211928416,70094786,NOKIA,2845,339,59900000,0,0,1001,4.527663088,1211
1252545085,70094786,NOKIA,1915,166,43900000,54500000,0.19,498,4.519125683,732
4147613487,11171175,XIAOMI,6460,8472,75000000,145000000,0.49,3688,4.385964912,57
1763992044,34655911,NO BRAND,789,9971,11000000,0,0,4624,4.637209302,215
1219553319,70094786,NOKIA,669,57,32900000,46000000,0.28,262,4.71,300
744316571,1657913,NO BRAND,1731,476,11500000,0,0,31335,4.51793722,446
2880882964,18278357,SAMSUNG,606,9,39900000,0,0,842,4.611510791,278
5693373195,477242638,NOKIA,3405,7967,21900000,0,0,191,4.524271845,824
7152396911,178181467,SAMSUNG,676,12195,36000000,0,0,578,4.670411985,267
1741817725,70094786,NOKIA,496,576,32500000,43900000,0.28,207,4.792792793,222
4551157780,11171175,OPPO,3780,28855,84800000,135000000,0.5,206,4.333333333,57
1464069946,70094786,KECHAODA,376,19,19900000,26900000,0.26,160,4.871428571,140
8920813357,345162160,NO BRAND,819,3014,23000000,0,0,109,4.582706767,266
295135648,14222192,SAMSUNG,2272,1,25000000,0,0,1569,4.43911007,854
1618495113,70094786,NOKIA,536,89,139000000,149000000,0.07,306,4.639130435,230
1955439592,129982976,NOKIA,754,1217,17900000,17900000,0.06,155,4.593457944,215
1922898560,70094786,NOKIA,764,370,43000000,54900000,0.22,299,4.504761905,315
8460623217,345162160,NOKIA,1057,15860,17500000,0,0,68,4.63986014,286
7249694468,193124085,XIAOMI,499,2,278900000,299000000,0.07,134011,4.952631579,190
13728998647,557889603,NO BRAND,475,36,24000000,0,0,4117,4.798561151,140
6628544837,204574220,GOOGLE,396,61,189800000,208800000,0.09,715,4.717592593,216
4247584197,11171175,NO BRAND,7409,19192,66900000,95000000,0.3,3810,4.030612245,98
5442089242,101299832,NOKIA,2203,5829,37900000,37900000,0.09,278,4.256198347,363
8115986306,13442962,SAMSUNG,865,159,1959000000,2299000000,0.37,7921,4.884615385,52
1204021441,50817933,NO BRAND,3061,573,16900000,0,0,748,4.88997555,409
8561895304,442733715,TECNO,1675,1251,379000000,499000000,0.24,1861,4.848964677,823
429343852,14947974,MASSTEL,1476,236,56000000,65000000,0.14,100,4.896946565,262
1214007339,70094786,NOKIA,603,3967,45000000,0,0,339,4.483050847,236
1087887030,46321249,NO BRAND,1151,15,3300000,5000000,0.34,79,4.893169877,571
3264568509,288286284,APPLE,669,334,1630000000,2869000000,0.43,3109,4.940298507,269
6248389678,11171175,SONY,4865,25690,119900000,230000000,0.48,3753,4.575,40
3957685760,71791006,VSMART,300,1,749000000,0,0,249,4.937931034,146
9678779700,25452983,OPPO,846,10,619000000,949000000,0.35,631,4.942492013,313
1866458412,13928634,NO BRAND,880,84,1000000,0,0,23,4.872222222,360
3513275929,19609604,NO BRAND,1684,300,800000,0,0,108,4.917127072,181
7862409857,48810739,NOKIA,4585,26291,26000000,0,0,3709,4.46875,64
7536434210,89899849,NO BRAND,720,306,25000000,0,0,708,4.872340426,235
4612363168,24876825,LG,637,59,228800000,0,0,2543,4.795518207,357
1084733521,13928634,NO BRAND,887,3464,1080000,1200000,0.1,23,4.861198738,317
6707029661,14947974,NOKIA,2274,254,55000000,0,0,102,4.918128655,171
9116667246,116554044,NO BRAND,2620,59967,39900000,0,0,237,4.402684564,149
7227920457,13928634,NO BRAND,616,2715,9999900,0,0,36,4.870629371,286
1205842361,70094786,NOKIA,336,389,28900000,44000000,0.34,117,4.6,145
7319192811,108110554,SAMSUNG,1124,7282,69000000,135000000,0.49,33,4.25,12
1275820428,49282974,XIAOMI,1069,38,138800000,158800000,0.13,1074,4.821167883,549
4052776200,52785791,LG,1284,194,349900000,650000000,0.49,2707,4.75,20
6649479127,11171175,LG,4356,15264,154800000,300000000,0.48,137,4.516666667,60
6610199340,42535231,NO BRAND,1039,853,4600000,0,0,3341,4.985507246,69
3450849740,11171175,GOOGLE,4280,8856,84800000,88800000,0.46,72,4.954545455,22
6034464851,91772591,SONY,249,180,185000000,0,0,208,4.915151515,165
2699654222,49282974,SONY,1097,10,189800000,208800000,0.09,859,4.830018083,553
9255562002,1657913,NO BRAND,861,23,19000000,0,0,65,4.588744589,231
7334679670,158663650,NOKIA,689,1174,23900000,0,0,2896,4.809954751,221
9255562002,1657913,NO BRAND,861,23,19000000,0,0,65,4.588744589,231
7334679670,158663650,NOKIA,689,1174,23900000,0,0,2896,4.809954751,221
5551129059,89899849,NO BRAND,444,183,25000000,0,0,689,4.517241379,116
7204000260,13928634,NO BRAND,718,9268,1600000,0,0,12,4.852272727,176
1758044505,105747592,MASSTEL,504,300,56900000,59900000,0.05,19436,4.925925926,135
5132935795,31040873,NO BRAND,1454,3109,100000,0,0,239,4.893617021,94
8019379086,71474818,SONY,270,147,233910000,259900000,0.1,292,4.844311377,167
4088732797,442297916,NO BRAND,523,50959,1200000,0,0,78,4.878571429,140
3649769908,11171175,OPPO,3316,13631,72500000,145000000,0.5,100,4.461538462,40
1056706776,39811414,NO BRAND,1463,12528,2000000,0,0,553,4.790865385,416
2244855753,49282974,LG,720,7,214800000,224800000,0.04,1024,4.806701031,388
1839154723,20977279,NOKIA,352,1949,20790000,21000000,0.01,110,4.674603175,127
1288936693,70094786,SAMSUNG,976,661,37900000,43900000,0.15,465,4.75245098,408
6568570103,32915930,NO BRAND,1862,9531,330000,500000,0.34,25,4.892682927,205
8432302205,45754878,NO BRAND,412,4569,1500000,2500000,0.4,4636,4.953367876,193
9318820013,229007034,NOKIA,88,19,19500000,0,0,1,5,14
5856738233,13442962,SAMSUNG,542,122,1810000000,1815000000,0.18,7697,4.971428571,35
7452371969,108110554,SAMSUNG,422,18840,74700000,140000000,0.48,32,4.764705882,17
5247964211,11171175,LG,3617,10869,154700000,164700000,0.5,3616,4.701754386,57
4020879162,238625379,NOKIA,865,1792,15000000,0,0,60,4.787313433,268
3747710608,11171175,XIAOMI,5871,15974,69900000,119900000,0.43,1118,4.28,25
2052274180,14053715,NOKIA,424,49,19900000,0,0,81,4.904411765,136
3678508670,242263416,NO BRAND,869,137,80000000,0,0,416,4.758426966,178
8657590836,313858795,VSMART,544,296,119900000,129900000,0.15,1314,4.993548387,310
3546462184,11171175,OPPO,4430,32079,63300000,125000000,0.5,1171,4.52,50
2218549870,83813714,GTSTAR,641,10,19500000,24500000,0.2,68,4.81875,160
5913590062,108110554,XIAOMI,1032,25293,105000000,210000000,0.5,17,4.692307692,13
2040954618,267287,NO BRAND,367,40,35000000,0,0,125,4.696202532,79
1822669035,50817933,NO BRAND,494,1612,49800000,0,0,586,4.817567568,148
5458242943,50817933,NO BRAND,424,1866,17500000,0,0,126,4.9,90
3652471735,108110554,XIAOMI,1425,31666,88800000,158800000,0.5,14,4.5,14
4948378366,11171175,SONY,4260,12634,140000000,280000000,0.5,3746,4.42,50
4352188743,11171175,XIAOMI,3388,20544,87900000,150000000,0.48,103,4.03030303,33
3949771147,11171175,OPPO,4118,13609,74900000,149000000,0.5,2710,4.42,50
13845175445,11171175,VIVO,347,13585,84400000,167900000,0.5,10,5,15
10469009083,11171175,XIAOMI,342,13583,84800000,168800000,0.5,12,5,14
2113862552,20172204,NOKIA,629,1,24800000,0,0,272,4.732026144,153
4708459903,189268414,NO BRAND,695,29810,327600000,390000000,0.16,20421,4.841155235,277
5793283707,477242638,NOKIA,910,6223,19900000,0,0,70,4.60546875,256
2373190153,49282974,SONY,508,25,103800000,128800000,0.19,471,4.78490566,265
9646964489,204574220,SONY,598,106,209800000,0,0,577,4.798611111,288
2559412633,15090740,NOKIA,907,162,28000000,0,0,420,4.623376623,308
11109080611,456926161,NO BRAND,820,3,289900000,0,0,7631,4.953947368,152
12945290421,11171175,VIVO,305,21628,99700000,195000000,0.5,20,5,9
3700435806,87493314,2GOOD,410,2697,39900000,0,0,42,4.655172414,29
786717083,48782032,SAMSUNG,3947,25466,199000000,0,0,3307,4.676470588,34
9330581709,1657913,NO BRAND,491,125,25000000,0,0,71,4.606557377,183
11669060129,11171175,VIVO,303,21624,108800000,210000000,0.5,10,5,9
4452186468,11171175,XIAOMI,4621,24314,97500000,175000000,0.44,75,4.558823529,34
4241373114,59404551,XIAOMI,352,9,211900000,245000000,0.14,217,4.918032787,122
7560354568,178181467,OPPO,333,863,43000000,0,0,238,4.711267606,142
3961314471,213974076,NOKIA,525,214,24900000,29900000,0.17,2627,4.705426357,129
7591531569,110595666,SAMSUNG,206,73,799000000,949000000,0.16,114,4.986486486,74
1479745965,18479475,SHARP,645,3,30900000,0,0,1176,4.638554217,249
10903570796,440375789,NO BRAND,7101,29986,27900000,0,0,108,4.555555556,18
5212079205,65265727,NO BRAND,1586,10070,750000,1500000,0.5,65,4.775862069,58
4563321256,66829677,NOKIA,509,159,86000000,90000000,0.04,218,4.792270531,207
12012702555,54481849,NO BRAND,988,1,350000,590000,0.41,2,4.841191067,403
13101566868,189268414,NO BRAND,277,39956,297500000,350000000,0.18,5335,4.787234043,141
6946363865,11171175,SAMSUNG,3854,7232,68800000,135000000,0.49,3665,4.638888889,36
5046107149,13482524,AIMICA,428,1767,4900000,0,0,8194,4.8,105
5250760941,11171175,GOOGLE,3971,6364,189700000,350000000,0.5,143,4.846153846,26
7064643875,92531229,NO BRAND,450,1288,7900000,0,0,47,4.363636364,121
3735299068,1657913,NO BRAND,281,4989,33500000,0,0,722,4.640449438,89
7848418953,11171175,SONY,4402,19332,134800000,268800000,0.5,3558,4.75,28
8361894676,442733715,TECNO,633,1405,339000000,399000000,0.15,913,4.879310345,291
1261602629,50817933,NO BRAND,305,221,49900000,0,0,739,4.942857143,105
5050968871,11171175,GOOGLE,4216,10844,220000000,440000000,0.5,107,4.625,24
4749740815,11171175,SONY,4101,13901,94900000,169900000,0.46,2641,4.555555556,27
6163575310,20977279,NOKIA,243,979,20370000,21000000,0.03,48,4.819672131,61
6636444270,89899849,NOKIA,359,157,19900000,0,0,664,4.529411765,85
4252366829,108110554,LG,2502,23953,277700000,550000000,0.5,92,5,20
6608464251,189268414,SAMSUNG,260,79990,343000000,350000000,0.02,13970,4.918604651,86
4336185825,105747592,NO BRAND,361,2463,19980000,0,0,14961,4.867647059,68
2509510055,105747592,2GOOD,1294,494,16517000,19900000,0.17,19019,4.702702703,74
8973685052,25452983,OPPO,282,99,355000000,399000000,0.11,391,4.941176471,68
10101307968,434360904,NO BRAND,10424,10005,185000000,0,0,71,5,4
6949480755,11171175,HTC,1694,6666,135000000,185000000,0.27,2662,4.555555556,18
6809458179,204574220,LG,375,42,229800000,248800000,0.08,874,4.8,180
2438304255,70094786,NO BRAND,300,63,39900000,50000000,0.2,317,4.93442623,122
4941716817,1657913,NO BRAND,536,7884,11000000,12500000,0.27,41,4.701986755,151
259440434,19004502,NO BRAND,713,9273,13900000,0,0,8902,4.494791667,194
9432378315,204574220,SONY,287,8,168800000,0,0,329,4.682170543,129
2915500103,240247809,LG,354,13,319000000,0,0,796,4.830601093,183
1410254259,83813714,NOKIA,437,21,34900000,0,0,107,4.636942675,157
4449738697,11171175,SONY,3841,26150,94900000,169900000,0.48,2733,4.371428571,35
4370573000,361316234,NOKIA,324,852,19900000,0,0,1834,4.934782609,46
3941298342,48782032,SONY,1225,796,289000000,0,0,3186,4.862068966,29
6949257181,276623547,NOKIA,723,5180,17900000,20000000,0.25,175,4.507042254,71
1897884221,37520580,NO BRAND,286,470,2000000,0,0,5,4.894736842,114
7649665241,11171175,XIAOMI,2758,19058,100000000,200000000,0.5,74,3.9375,32
6152778608,52785791,SONY,1873,384,159900000,250000000,0.36,2762,4.931034483,29
6190188174,71791006,VSMART,231,1,269000000,0,0,304,4.972222222,108
7143109387,48782032,SAMSUNG,1390,3747,210000000,0,0,3803,4.756756757,37
7347611642,11171175,XIAOMI,5362,12721,69800000,125000000,0.46,1086,4.15,20
3950399707,208445880,SAMSUNG,556,2328,109500000,0,0,541,4.511627907,259
7661290164,129982976,NOKIA,266,1572,20367000,21900000,0.11,38,4.833333333,54
7349744743,11171175,SONY,4045,14989,98800000,188800000,0.48,2640,4.5,40
196622842,409115,NO BRAND,302,25,720000,1200000,0.4,54,4.9375,64
3436070765,48782032,SONY,1204,75882,229000000,0,0,3165,5,19
4152196950,11171175,SAMSUNG,3756,9273,64900000,77900000,0.5,42,4.75862069,29
7029250171,108110554,SAMSUNG,2090,13519,74500000,125000000,0.45,54,4.826086957,23
9382841096,212863484,LG,277,30,329900000,0,0,6104,4.845238095,168
6168875914,2636529,NO BRAND,323,268,24500000,0,0,3332,4.76,50
6941838620,48782032,SONY,1007,1327,139900000,0,0,3788,4.727272727,33
6957090159,48782032,LG,1053,7660,530000000,0,0,3147,4.826086957,23
5249262260,276623547,NOKIA,1000,5489,18900000,22900000,0.17,169,4.559322034,59
6446280320,11171175,SAMSUNG,3344,13333,64800000,78800000,0.5,1091,4.725,40
7079362564,242263416,XIAOMI,373,152,125000000,0,0,171,4.728813559,59
11009173286,456926161,NO BRAND,297,6,285000000,0,0,7379,5,35
7649789236,11171175,XIAOMI,3305,9002,83900000,129900000,0.37,45,4.346153846,26
8234342183,345162160,NOKIA,493,251,14500000,0,0,84,4.5,167
4569647115,29511279,NO BRAND,275,2752,190000,0,0,8,4.92,25
6241244465,48782032,NO BRAND,1121,4528,250000000,0,0,3784,5,18
6248995756,11171175,LG,3935,6629,129500000,250000000,0.5,3818,4.352941176,51
12222823386,199249933,NO BRAND,1075,28,688000000,1089000000,0.37,437,4.895561358,383
5191503160,71474818,NO BRAND,228,34,287910000,319900000,0.1,277,4.669172932,133
7772157375,60045955,NO BRAND,300,53,590000,0,0,16,4.95,80
3336134782,48782032,NOKIA,485,2,65000000,0,0,3354,4.875,24
7645349256,11171175,OPPO,1858,14088,67700000,135000000,0.5,1057,4.764705882,34
7643658564,48810739,SAMSUNG,583,1990,299000000,0,0,3578,4.904761905,21
6124861013,197138574,2GOOD,417,1686,16900000,0,0,65,4.847058824,85
7586267880,11171175,XIAOMI,841,4843,64800000,115000000,0.44,24,4.3125,16
7316851416,214979459,XIAOMI,154,6,148900000,155000000,0.04,5947,4.957627119,118
8470192900,98999745,NOKIA,515,7472,3500000,0,0,330,4.675675676,37
5676072135,108110554,XIAOMI,3301,30246,135000000,245000000,0.49,47,4.5,20
2801776601,87493314,OPPO,1207,159,75000000,0,0,416,4.453488372,86
8848618469,189268414,SAMSUNG,272,101902,514100000,530000000,0.1,10120,4.921052632,114
6949478858,208445880,SAMSUNG,317,162,42550000,0,0,379,4.677419355,124
4646285575,11171175,SAMSUNG,1360,8988,64900000,105000000,0.4,3531,4.92,25
6852365551,108110554,LG,2665,13861,227900000,410000000,0.49,50,4.68,25
4049790569,11171175,XIAOMI,2785,9074,84800000,139000000,0.4,53,4.689655172,29
6952778887,52785791,SONY,1737,294,159900000,240000000,0.45,2715,4.904761905,21
9303262274,189268414,SAMSUNG,274,489829,3900000,0,0,13267,4.880434783,92
7146239826,52785791,LG,1256,99,249900000,319900000,0.22,2772,5,16
5969861226,18479475,NO BRAND,259,5,40900000,0,0,342,4.816513761,109
282808415,11171175,SONY,2638,12458,100000000,200000000,0.5,3661,4.827586207,29
8650942594,30580603,GOOGLE,324,46,265000000,275000000,0.04,414,4.930635838,174
6291716363,116554044,NO BRAND,1165,9996,59900000,0,0,87,4.736842105,19
3952348586,11171175,HTC,4424,3428,144800000,200000000,0.28,21,4.454545455,11
1057679444,26738525,NO BRAND,1048,61,400000,0,0,29,4.605263158,38
6751159342,11171175,OPPO,3450,28466,84500000,135000000,0.5,41,4.8,25
3751439634,11171175,SAMSUNG,3395,12855,87800000,174900000,0.5,53,4.655172414,29
7869451790,293394460,NO BRAND,395,50,28000000,30000000,0.07,62,4.622222222,90
4546285941,11171175,SAMSUNG,1183,9498,64800000,125000000,0.48,1054,4.862068966,29
5047841023,11171175,LG,2927,19016,160000000,320000000,0.5,3617,4.375,48
6049662394,11171175,NO BRAND,1087,12128,349800000,500000000,0.35,61,5,16
6443097713,48782032,SAMSUNG,1786,3782,199900000,0,0,3679,4.64516129,31
809645900,34655911,NOKIA,429,494,31000000,0,0,6267,4.481203008,133
2711883189,49282974,GOOGLE,365,10,205800000,218800000,0.06,489,4.914285714,175
4436014722,48782032,SONY,646,681,190000000,0,0,3274,4.772727273,22
12152588005,32915930,NO BRAND,1371,8362,330000,500000,0.34,29,4.862295082,305
2930741344,71474818,GOOGLE,291,41,245900000,0,0,241,4.589403974,151
6950461640,11171175,XIAOMI,1524,25285,100000000,200000000,0.5,46,4.814814815,27
3336346089,48782032,NOKIA,408,8746,39000000,0,0,3150,4.904761905,21
3952346826,11171175,XIAOMI,3536,16118,139500000,265000000,0.47,70,4.555555556,27
7249741276,11171175,SONY,1924,18561,97900000,175000000,0.44,2589,4.62962963,27
3360292174,101299832,NOKIA,315,2778,13900000,15900000,0.21,58,4.903225806,31
3161128674,11171175,XIAOMI,3272,20569,90000000,180000000,0.5,43,4.607142857,28
4346281584,11171175,SAMSUNG,1990,43746,64800000,78800000,0.5,3538,4.848484848,33
6952242366,11171175,XIAOMI,2429,27618,145000000,290000000,0.5,74,4.774193548,31
5745406537,11171175,OPPO,1259,20601,59900000,110000000,0.48,1030,4.888888889,18
3419914740,83813714,NO BRAND,276,300,69000000,0,0,34,4.886792453,53
7549788780,11171175,XIAOMI,2997,7054,84900000,155000000,0.46,47,4.625,24
7751163870,11171175,OPPO,2930,16886,139700000,255000000,0.5,242,4.382978723,47
4452186919,11171175,XIAOMI,2788,38190,98000000,175000000,0.44,79,4.64516129,31
6848380097,11171175,LG,1834,12542,154500000,164500000,0.5,3669,4.604166667,48
8272939717,477242638,NO BRAND,266,3146,16900000,0,0,58,4.725,80
7561451519,20977279,NOKIA,304,1939,23900000,0,0,78,4.666666667,102
6547964533,11171175,LG,2713,13903,154400000,164400000,0.46,1113,4.604166667,48
7349482692,11171175,LG,3594,25150,184900000,340000000,0.48,2694,4.6,35
282165660,11171175,SAMSUNG,1628,6456,127500000,255000000,0.5,3800,4.933333333,15
7552369962,108110554,LG,1706,16791,129900000,239900000,0.46,29,4.666666667,15
3536122450,48782032,SONY,465,5308,179900000,0,0,3296,4.730769231,26
6136035967,48782032,NO BRAND,545,1954,69000000,0,0,3147,4.882352941,17
11952952004,23597245,SAMSUNG,204,67,439000000,629000000,0.3,81,4.907894737,76
7747289335,11171175,MOTOROLA,3474,4241,139800000,199900000,0.3,1092,4.357142857,28
7845418239,11171175,OPPO,2160,8600,59700000,74000000,0.22,1852,4.625,32
1675752755,18479475,NO BRAND,290,3,36900000,0,0,644,4.686440678,118
3916459690,214979459,XIAOMI,183,4,115000000,123500000,0.14,6158,5,136
4249666807,11171175,NO BRAND,3787,29626,102500000,205000000,0.5,64,4.153846154,26
2382779909,130503882,NO BRAND,278,7,27900000,0,0,71,4.797752809,89
2170230736,4075086,NO BRAND,244,96,25000000,0,0,52,4.957446809,47
7660575052,127416111,NO BRAND,191,7,213000000,0,0,134,4.9875,80
5450528592,11171175,SONY,3103,13603,104900000,167900000,0.5,97,4.476190476,42
7073788645,229121603,SAMSUNG,255,623,2600000,4000000,0.35,13,4.939393939,66
6650972798,11171175,GOOGLE,4355,10817,218800000,420000000,0.48,63,4.424242424,33
5743103267,48782032,SAMSUNG,465,451,129000000,0,0,3288,4.80952381,21
5847743675,11171175,NO BRAND,3160,10168,150000000,300000000,0.5,3583,4.466666667,30
4552190944,11171175,XIAOMI,4323,29357,94900000,174900000,0.46,45,4.666666667,21
3853052968,48975746,SONY,1833,23945,159900000,250000000,0.36,3169,4.80952381,21
3252534589,108110554,OPPO,1033,25146,214800000,300000000,0.41,137,4.382352941,34
6452780902,52785791,SONY,2559,95,129900000,200000000,0.43,2863,4.394736842,38
5847963058,11171175,LG,2648,14902,154500000,164500000,0.5,1101,4.675,40
5920932448,114457369,NOKIA,230,468,14000000,0,0,29,4.897435897,79
4108460902,189268414,SAMSUNG,217,160922,314570000,379000000,0.18,10993,4.987012987,77
4045424040,11171175,OPPO,598,7256,46900000,84900000,0.48,1046,5,15
7246271158,11171175,MOTOROLA,1126,4240,134500000,200000000,0.33,1058,4.379310345,58
7335969371,48782032,NO BRAND,487,33524,65000000,0,0,3095,4.842105263,19
7539569811,238625379,NOKIA,281,86,19000000,0,0,63,4.838095238,105
5349484950,11171175,LG,2870,13617,129500000,230000000,0.44,2597,4.586206897,29
6618188055,70094786,XIAOMI,271,13,81500000,109000000,0.25,269,4.666666667,105
9702527025,351898295,NOKIA,530,6563,18500000,0,0,3917,5,14
7651118222,11171175,XIAOMI,3427,13642,198800000,380000000,0.48,51,4.695652174,23
4349479103,11171175,HTC,3425,12662,129000000,179000000,0.28,2589,4.692307692,13
5547964866,11171175,LG,2543,11020,154900000,164900000,0.5,1849,4.609756098,41
5132383688,198280451,NO BRAND,255,2968,19800000,22000000,0.1,486,5,37
2286321120,129982976,NOKIA,148,1384,22659000,24900000,0.18,80,4.771929825,57
4260080516,158663650,NOKIA,314,1994,25000000,0,0,46,4.716666667,60
769759168,48782032,SAMSUNG,542,722,199900000,0,0,3722,5,13
5120935697,238625379,SAMSUNG,156,52,6990000,0,0,22,4.753623188,69
6252248197,11171175,XIAOMI,2979,27590,142500000,285000000,0.5,40,4.5,22
4851116306,11171175,XIAOMI,2085,12591,139700000,220000000,0.46,164,4.4,20
4746267277,11171175,MOTOROLA,924,1928,129000000,145000000,0.11,3560,4.447368421,38
4149666331,11171175,XIAOMI,2813,20564,89700000,145000000,0.49,49,4.380952381,42
5252956123,48975746,LG,1620,186,345800000,650000000,0.5,3143,4.730769231,26
8959978967,71791006,VSMART,209,1,329000000,0,0,296,4.923809524,105
7349487915,11171175,LG,2957,9404,129700000,215000000,0.47,2710,4.807692308,26
7852959440,48975746,SONY,1670,24863,129900000,169900000,0.24,3060,4.7,20
6281873281,31558581,NOKIA,624,7,3000000,0,0,187,4.589211618,241
6149742698,11171175,SONY,1834,12723,98800000,188800000,0.48,17,4.923076923,13
7352248828,11171175,XIAOMI DEERMA,2656,8993,198000000,390000000,0.49,43,5,19
7649786267,11171175,POCO,1086,9154,139900000,267900000,0.49,30,4.789473684,19
4049788970,11171175,POCO,1043,9670,198800000,388800000,0.49,32,4.894736842,19
3553058891,48975746,SONY,1682,11650,129900000,200000000,0.36,541,5,12
282206480,11171175,SONY,1205,7319,94700000,165000000,0.5,1011,4.466666667,15
7952374050,108110554,OPPO,1108,16842,49800000,75000000,0.44,50,4.606060606,33
4949673661,11171175,OPPO,2421,13928,59900000,106000000,0.43,2642,4.396226415,53
5952186083,11171175,XIAOMI,3416,35090,89000000,150000000,0.47,115,4.133333333,60
3020271587,241749563,GOOGLE,189,14,275002800,0,0,163,4.903508772,114
3536131304,48782032,NOKIA,642,55160,65000000,0,0,3738,4.470588235,34
7852776016,52785791,NO BRAND,1146,160,209900000,300000000,0.43,2824,4.684210526,19
7741178369,48782032,SAMSUNG,324,4024,299000000,0,0,3262,5,15
4152188479,11171175,XIAOMI,4094,23149,89700000,145000000,0.46,277,3.813953488,86
1211671957,70094786,NOKIA,337,1120,79000000,90000000,0.12,423,4.568181818,132
921565896,1657913,NO BRAND,512,9962,9000000,0,0,29831,4.407142857,140
1189251128,70094786,NO BRAND,373,787,37500000,44500000,0.16,155,4.554913295,173
2379674985,158313556,NO BRAND,237,5,35000000,39000000,0.1,203,4.923076923,65
1289058036,70094786,NO BRAND,247,74,39900000,44500000,0.1,92,4.75862069,116
2231923247,105747592,MASSTEL,140,199,52300000,0,0,5409,4.804878049,41
3196919697,71474818,LG,298,66,224010000,248900000,0.1,420,4.716981132,159
4750533189,11171175,SONY,3315,13939,104900000,177900000,0.5,41,4.653846154,26
1956885406,129982976,NOKIA,320,864,20273000,20900000,0.03,95,4.701754386,114
7651321708,11171175,OPPO,3026,14272,64500000,125000000,0.49,53,4.607142857,28
4701746873,70094786,NOKIA,352,49,33000000,40000000,0.34,147,4.518987342,158
4976101057,108110554,LG,2781,12760,219800000,360000000,0.47,100,4.71875,32
7676087866,108110554,LG,3556,9904,338800000,450000000,0.45,70,4.933333333,15
13742635889,61623136,NOKIA,208,291,220000000,0,0,15,5,4
1470901806,70094786,NOKIA,194,196,63000000,72000000,0.13,268,4.7625,80
3834336421,130503882,NO BRAND,295,76,15900000,0,0,36,4.145833333,48
3352462806,108110554,NO BRAND,3886,13880,69900000,119900000,0.42,26,4.555555556,9
7571507026,361316234,NOKIA,260,891,21900000,0,0,33,4.823529412,34
2331009681,49282974,XIAOMI,427,42,131800000,149800000,0.12,411,4.717948718,195
7352373993,108110554,OPPO,1510,8301,64900000,125000000,0.49,33,5,24
5249745549,11171175,SONY,1884,13909,99900000,188900000,0.47,16,4.588235294,17
5942815120,52785791,LG,1597,55,289900000,434900000,0.33,2696,5,11
4052778711,52785791,SONY,1396,30,129900000,200000000,0.35,47,5,11
6719925018,108110554,SAMSUNG,368,12585,89900000,179000000,0.5,47,4.692307692,13
8755389684,427960551,NOKIA,294,1854,12900000,0,0,30,4.64,75
7143678750,48810739,SAMSUNG,452,2122,245900000,0,0,3862,4.666666667,18
1752868288,9370264,NO BRAND,229,15,2000000,0,0,15,4.93902439,82
10240444212,331695868,XIAOMI,124,427,362900000,429000000,0.15,160,4.979591837,50
6842860945,52785791,SAMSUNG,1448,6,379900000,0,0,2695,4.866666667,15
1199170107,70094786,SAMSUNG,239,350,39900000,44500000,0.1,96,4.848214286,112
5641247010,48782032,OPPO,416,811,299000000,0,0,3699,5,11
4309364853,193124085,NOKIA,139,6,52900000,54000000,0.02,150471,4.961538462,52
4952184065,11171175,NO BRAND,2234,24402,88400000,120000000,0.38,107,4.428571429,35
7049747080,11171175,SONY,3533,11099,99900000,169900000,0.48,2583,4.68,25
10927145927,65589552,SAMSUNG,304,46,1449000000,2499000000,0.42,4012,4.807692308,106
6177466428,4537676,NO BRAND,145,16,750000,1500000,0.5,10,4.943396226,53
10967458267,7574932,XIAOMI,171,3,759000000,0,0,103,4.930232558,86
5360960622,189268414,SAMSUNG,283,89989,493000000,580000000,0.15,14187,4.864583333,96
1434114850,70094786,NOKIA,356,499,59900000,0,0,180,4.359477124,153
17114100971,24876825,LG,129,111,295000000,0,0,298,4.901408451,71
5250465351,11171175,XIAOMI,2877,30409,100000000,200000000,0.5,162,4.391304348,46
9611672276,378370519,BLACK SHARK,167,342,58900000,95000000,0.38,787,4.909090909,88
8938691984,71474818,LG,185,40,233010000,258900000,0.1,497,4.876190476,105
9245576523,11171175,VIVO,415,16827,108800000,209000000,0.49,63,4.6875,32
4813758687,39388460,NO BRAND,348,121202,1000000,0,0,4979,4.666666667,39
5252956308,48975746,SAMSUNG,1650,15544,254800000,500000000,0.49,3131,4.933333333,15
6536244996,48782032,NOKIA,474,26,55000000,0,0,3760,5,11
1268132509,34655911,NO BRAND,155,973,15500000,0,0,20,4.796610169,59
4562007724,70094786,OPPO,313,93,79900000,129900000,0.38,128,4.840909091,135
6355361664,48782032,SAMSUNG,299,700,325000000,0,0,3129,5,14
7451167878,11171175,OPPO,3293,42120,84900000,135000000,0.5,187,4.172413793,58
5950754590,11171175,GOOGLE,2141,16521,84900000,94900000,0.46,30,5,10
5851103442,11171175,VIVO,2700,8482,74900000,120000000,0.5,31,5,10
1243927017,51126166,NOKIA,846,9497,32050000,0,0,10,5,10
9230427696,11171175,LG,1656,20533,303700000,606000000,0.5,120,4.642857143,28
7749482059,11171175,LG,2450,14360,99800000,169800000,0.41,58,4.727272727,33
6348287628,11171175,SAMSUNG,1337,13583,89800000,145000000,0.48,3746,4.35,60
5947536094,176600940,SAMSUNG,236,259,4500000,7000000,0.36,2752,4.904761905,63
4343867295,214979459,SAMSUNG,130,1,165000000,250000000,0.34,3129,5,111
3652293338,11171175,SAMSUNG,2432,18964,74800000,140000000,0.48,35,4.542857143,35
1203089709,70094786,MOTOROLA,311,309,65000000,0,0,166,4.527777778,108
6747288857,11171175,MOTOROLA,3109,8876,139900000,199900000,0.3,1031,4.125,16
7552958523,48975746,LG,1480,353,249900000,365000000,0.49,3029,4.684210526,19
2446529011,49282974,GOOGLE,205,33,164800000,175800000,0.17,427,4.828828829,111
7669247966,43748089,SAMSUNG,1580,23917,334800000,660000000,0.49,61,4.714285714,14
4352375380,108110554,OPPO,2536,1725,49800000,75000000,0.44,81,4.409090909,44
5436037292,48782032,NOKIA,335,5589,65000000,0,0,3131,5,15
6849665095,11171175,XIAOMI,3437,18995,100000000,200000000,0.5,35,4.090909091,22
3676653017,199422123,SONY,347,86,145900000,0,0,339,4.691780822,146
8769232406,104777193,NO BRAND,379,18979,512000,0,0,412,4.982758621,58
6606892725,199422123,SONY,224,58,115000000,0,0,799,4.744,125
10507184936,70094786,VIVO,219,33,72900000,75900000,0.04,129,4.83,100
8104769302,361316234,NOKIA,213,5,23000000,0,0,1842,4.666666667,15
789205619,48782032,SAMSUNG,374,6401,189000000,0,0,3139,5,13
8941474787,11171175,LG,1673,9337,129000000,175000000,0.4,162,4.833333333,24
4481685586,193124085,SAMSUNG,146,60,482900000,649000000,0.26,98108,4.943661972,71
9311325571,294426149,NO BRAND,96,14,63000000,0,0,36,4.971428571,35
6468120589,351898295,NOKIA,470,1156,23500000,0,0,3808,4.769230769,13
9319515121,199422123,NOKIA,144,14,129900000,0,0,317,4.8375,80
5051104519,11171175,VIVO,2801,3863,75000000,150000000,0.5,21,5,9
8191830456,49282974,MEIZU,117,43,76800000,89800000,0.14,65,4.69047619,42
4151158173,11171175,OPPO,3113,51536,84400000,139800000,0.5,23,4.777777778,18
7649662710,11171175,XIAOMI,1469,21563,89900000,177700000,0.5,38,4.36,25
5950758134,11171175,GOOGLE,2496,12281,188800000,350000000,0.46,42,4.933333333,15
3651217178,11171175,OPPO,1401,20817,154800000,300000000,0.5,25,4.909090909,11
3648475724,11171175,LG,1886,16791,154900000,164900000,0.5,675,4.666666667,27
7752781065,52785791,SONY,1434,30,129900000,200000000,0.45,2199,4.9,10
4584650669,127614887,SONY,216,34,190000000,0,0,177,4.827868852,122
5926548108,130503882,NO BRAND,277,108,35000000,0,0,19,4.774193548,31
9448593207,49952348,GOOGLE,331,1141,289000000,310000000,0.17,479,4.912087912,182
7049657547,11171175,XIAOMI,489,8442,348800000,500000000,0.35,42,4.666666667,15
7544942893,291057006,NO BRAND,214,370,39000000,55000000,0.29,64,4.931034483,58
7236244424,48782032,NOKIA,366,212,50000000,0,0,3748,4.666666667,21
5969249626,43748089,SONY,1193,18577,129900000,200000000,0.45,24,5,8
5352956003,48975746,LG,1712,88,264800000,500000000,0.5,2987,5,13
9041226396,11171175,SONY,3062,13188,105000000,210000000,0.5,70,4.458333333,24
6452772638,52785791,LG,1301,312,269900000,500000000,0.49,584,5,12
6748991231,11171175,LG,2621,14238,129700000,177700000,0.38,3129,4.59375,32
6149726220,11171175,XIAOMI,864,18182,237900000,415000000,0.5,65,5,16
5850962103,11171175,GOOGLE,2361,8440,190000000,380000000,0.5,53,4.636363636,11
8744184238,11171175,XIAOMI,1434,27582,94900000,185000000,0.5,32,4.833333333,12
7349661152,11171175,XIAOMI,1032,8483,348800000,500000000,0.35,26,5,9
7169247995,43748089,LG,1472,200,349900000,650000000,0.49,30,5,9
6749734463,11171175,XIAOMI,790,7237,364700000,727700000,0.5,36,5,15
7064399354,288286284,APPLE,182,8,1799000000,2899000000,0.38,1079,4.935897436,78
3858112953,178181467,SAMSUNG,250,180551,42000000,0,0,141,4.87,100
10159776646,308461157,APPLE,359,7,2429000000,2999000000,0.19,1009,4.979591837,101
10163872624,421023758,NO BRAND,606,322149,2900000,0,0,416,5,5
8603553092,43748089,SONY,1421,22588,159900000,250000000,0.36,124,4.409090909,22
282155852,11171175,SONY,1076,11989,94700000,188800000,0.5,3167,4.5625,32
12364014465,23597245,SAMSUNG,472,26,739000000,1099000000,0.33,117,4.993939394,165
13230721661,458675969,OPPO,2513,729,399000000,499000000,0.2,852,4.958057395,453
2773759206,49282974,HUAWEI,235,23,92800000,104800000,0.11,133,4.825581395,86
1638619447,70094786,NOKIA,299,12,38900000,53000000,0.27,89,4.439655172,116
10909199743,276623547,NO BRAND,227,3996,7900000,15000000,0.47,198,4.756756757,37
4350970801,11171175,GOOGLE,2484,8452,254500000,410000000,0.38,51,4.333333333,24
5402745093,70094786,NOKIA,266,193,21000000,34900000,0.4,49,4.839285714,112
8834653626,345162160,NOKIA,188,1670,28000000,0,0,54,4.888888889,54
7846239618,52785791,LG,1159,80,179900000,289000000,0.38,2173,4.714285714,14
5240826034,70094786,NO BRAND,171,31,41500000,59000000,0.3,26,4.783783784,37
5249741135,11171175,SONY,2251,13330,94900000,169900000,0.44,2645,4.692307692,13
3551216177,11171175,XIAOMI,1817,13710,198000000,390000000,0.5,40,4.388888889,18
6452243892,11171175,XIAOMI,2550,27600,145000000,288800000,0.5,33,4.55,20
4055106476,70094786,OPPO,453,85,79800000,118000000,0.34,320,4.824742268,194
5452030705,49282974,MEIZU,73,17,109800000,129800000,0.15,71,4.783783784,37
1852603171,108110554,LG,151,7216,98000000,188000000,0.48,17,4.8,10
1673246721,53583264,NOKIA,254,562,39000000,0,0,3932,4.532608696,92
13326328346,63791248,NO BRAND,92,431,1700000,0,0,7,4.967741935,31
7237776479,13928634,NO BRAND,182,2810,2000000,0,0,17,4.947368421,76
5150974038,11171175,GOOGLE,1409,7621,225000000,450000000,0.5,38,4.85,20
5452370323,108110554,LG,2614,12388,187700000,375000000,0.5,37,4.918367347,49
8802113746,204574220,GOOGLE,253,163,259800000,0,0,446,4.596774194,125
1106163159,14053715,NOKIA,409,2,39900000,0,0,185,4.028409091,176
5539527213,238625379,NO BRAND,138,16,5500000,0,0,18,4.783333333,60
4885276434,71474818,LG,229,70,224910000,249900000,0.1,217,4.71942446,139
1708346305,49282974,XIAOMI,57,18,142800000,0,0,171,4.666666667,21
9911546766,189268414,SONY,65,79980,390000000,500000000,0.22,10209,4.958333333,24
2824763150,87493314,OPPO,437,515,142000000,0,0,184,4.666666667,15
2019480812,90097467,NO BRAND,265,85,35000000,0,0,38,4.833333333,84
3952345403,11171175,XIAOMI,3178,27599,145000000,290000000,0.5,25,4.529411765,17
8650275612,71474818,GOOGLE,147,18,298900000,0,0,255,4.833333333,78
864204498,36145420,NO BRAND,183,61,3000000,0,0,3,4.912280702,57
4938180709,130503882,NOKIA,580,14,59900000,0,0,36,4.205882353,34
10216829155,104777193,NO BRAND,644,29142,550000,0,0,449,4.897810219,137
4552374842,108110554,SAMSUNG,2096,18848,75000000,150000000,0.5,24,4.347826087,23
5739292598,238625379,NOKIA,146,151,2000000,0,0,13,4.928571429,14
5851172172,11171175,OPPO,1147,21731,197900000,395000000,0.5,109,4.857142857,21
5452959898,48975746,SAMSUNG,1436,24248,254900000,500000000,0.49,3033,5,12
7649781224,11171175,XIAOMI,2178,12721,94900000,170000000,0.44,16,4.555555556,9
6991006161,116554044,NO BRAND,2119,19965,185000000,0,0,74,4.884615385,26
4450518853,11171175,SAMSUNG,1223,12107,66900000,89000000,0.29,27,5,8
2106889187,105396579,NOKIA,1500,12,39990000,0,0,31,5,8
11401145579,41470347,NO BRAND,173,5,260000000,0,0,321,4.875,88
5749734070,11171175,XIAOMI,683,8416,359700000,700000000,0.49,23,5,14
1652146584,102564154,NOKIA,226,2942,43900000,0,0,74790,4.563218391,87
7252194343,11171175,SAMSUNG,3182,9101,69900000,79900000,0.49,21,4.5,24
3849770331,11171175,SAMSUNG,1178,27693,149800000,174800000,0.49,2652,4.676470588,34
6346240086,52785791,LG,598,92,249900000,319000000,0.22,2741,5,10
6552195465,11171175,SAMSUNG,2301,18969,74800000,130000000,0.5,21,4.666666667,21
4148368397,11171175,LG,2401,14722,154400000,164400000,0.5,3625,4.347826087,46
4579741201,241583522,NO BRAND,139,14,45000000,0,0,63,4.634615385,52
9904765054,361316234,NOKIA,262,8,21000000,0,0,1766,4.666666667,27
7552373176,108110554,SAMSUNG,2037,18856,84700000,155000000,0.49,14,4.933333333,15
4418576543,108110554,SAMSUNG,1225,12552,72900000,144400000,0.5,21,4.5,8
4741213185,48782032,NO BRAND,363,2109,185000000,0,0,3655,5,10
8130409991,11171175,LG,1710,9876,154800000,164800000,0.5,46,4.5,22
5051349337,11171175,SAMSUNG,2408,12634,79800000,135000000,0.49,36,4.777777778,18
3549575381,11171175,LG,1587,13909,87900000,165000000,0.5,31,4.722222222,18
6749783122,11171175,XIAOMI,1912,19087,99900000,170000000,0.42,27,4.666666667,12
4222807199,71474818,LG,171,106,206091000,228990000,0.1,901,4.79787234,94
4203365136,190411329,NO BRAND,160,4360,3588000,6900000,0.48,11,4.980769231,52
5552244676,11171175,NO BRAND,2544,24116,239800000,400000000,0.46,44,4.47826087,23
8169372917,340431675,XIAOMI,1792,454,759000000,999000000,0.24,672,4.919587629,492
6152368809,108110554,SAMSUNG,2001,12609,94800000,189000000,0.5,34,4.6,15
9404176017,269520686,NO BRAND,173,1743,1000000,0,0,14,4.912280702,57
3307475675,161550338,NO BRAND,256,8,13500000,15000000,0.1,527,4.673684211,95
5162298482,39413762,NOKIA,2774,1,50000000,0,0,9333,4.4375,16
5260955192,55194587,SAMSUNG,175,33,799000000,949000000,0.16,112,5,57
5907175623,200312728,NO BRAND,211,8,5500000,0,0,53,4.833333333,60
5352957367,48975746,NO BRAND,1516,474,244800000,420000000,0.42,549,4.888888889,9
3750597425,11171175,SONY,895,12722,119900000,200000000,0.5,17,4.2,10
7757098473,48782032,SAMSUNG,471,11970,279900000,0,0,3042,4.470588235,17
7151393194,11171175,OPPO,2139,13925,54900000,95000000,0.5,20,3.631578947,19
8994011161,68527388,SAMSUNG,449,78,460000000,569000000,0.19,259,4.886255924,211
9473900435,1657913,NO BRAND,260,10,24500000,0,0,20,4.8375,80
8930236009,30580603,GOOGLE,182,8,275000000,0,0,192,4.773195876,97
7086277361,11171175,XIAOMI,1346,14080,139500000,265000000,0.47,22,4.833333333,18
4219425667,40202642,NO BRAND,164,19,2600000,0,0,73,4.708860759,79
3841993511,26504432,NO BRAND,462,1112,35000000,0,0,1075,5,7
3251278991,11171175,OPPO,2960,9080,49900000,80000000,0.45,41,3.951219512,41
11806076187,289996094,SAMSUNG,346,7,68500000,0,0,244,4.596153846,52
2720754251,70047678,NOKIA,211,289,150000000,0,0,24,5,19
4350500457,11171175,SONY,564,13875,119500000,200000000,0.48,17,4.6,10
11869604006,110595666,SAMSUNG,267,27,849000000,999000000,0.15,41,5,78
4848288382,11171175,SAMSUNG,3084,20947,64900000,110000000,0.5,3577,4.30952381,42
4932382445,198280451,NO BRAND,206,540,8700000,0,0,484,4.962962963,27
8405531556,108298311,NO BRAND,197,82,200000,0,0,35,4.857142857,35
2696570005,20977279,NOKIA,171,595,21000000,0,0,26,4.363636364,33
6741241830,48782032,LG,325,175,389000000,0,0,3793,5,9
3190681610,129982976,SAMSUNG,104,243,143910000,159900000,0.1,68,4.935483871,31
7950494806,11171175,SONY,1142,12723,119800000,200000000,0.44,30,4.375,16
5551391218,11171175,OPPO,2252,13933,59800000,105000000,0.45,18,4.5,16
4869566166,70094786,NO BRAND,204,148,53000000,58000000,0.09,112,4.555555556,45
12643743207,370312918,NOKIA,294,3999686,16500000,19900000,0.2,7,4.375,48
12643662624,370312918,OPPO,311,31110937,63500000,75000000,0.23,61,4.62,50
7252962650,48975746,SONY,1219,25222,149900000,230000000,0.43,3085,5,8
6452778633,52785791,LG,1295,307,349900000,650000000,0.46,2799,5,8
7552182283,11171175,XIAOMI,1788,12725,83900000,120000000,0.42,28,5,7
6651153862,11171175,OPPO,1113,8481,159900000,300000000,0.5,12,4.888888889,9
4649779707,11171175,XIAOMI,1408,12657,94800000,170000000,0.44,21,4.555555556,9
8403558751,43748089,SONY,1103,25560,149900000,230000000,0.39,11,5,7
3846336878,52785791,SAMSUNG,929,30,149900000,219000000,0.32,2687,5,7
4569234578,43748089,SAMSUNG,725,1273,275000000,0,0,20,5,7
5134517752,129982976,NOKIA,220,1782,22500000,0,0,51,4.775510204,49
3314034306,108110554,SAMSUNG,212,5451,399900000,0,0,20,4.769230769,13
7052246165,11171175,HTC,2363,6332,144800000,200000000,0.28,14,4.666666667,12
5951103295,11171175,VIVO,2029,12664,79900000,145000000,0.49,31,4.636363636,11
282200767,11171175,SAMSUNG,669,12618,139700000,265000000,0.47,3680,4.652173913,23
12410362721,66829677,NOKIA,207,2,179000000,249000000,0.28,116,4.97826087,92
9388666202,18675087,VSMART,70,34,11000000,0,0,8,4.964285714,28
10755119274,552360782,NO BRAND,78,921,900000,0,0,0,5,18
4162928552,101299832,NOKIA,366,2778,53900000,60000000,0.28,145,4.428571429,91
4652197983,11171175,SAMSUNG,2973,18964,75000000,150000000,0.5,27,4.458333333,24
11728728953,49282974,OPPO,139,6,141800000,148800000,0.05,115,4.698412698,63
8054306107,440375789,NO BRAND,4090,8998,44900000,0,0,158,4.285714286,21
9531456301,11171175,SAMSUNG,1420,9514,64800000,78800000,0.5,10,4.846153846,13
9495156222,557889603,NO BRAND,283,100,31000000,0,0,6536,4.693877551,49
4252945274,48975746,SAMSUNG,1490,5084,380000000,0,0,523,4.666666667,9
5052367573,108110554,LG,2570,9276,217700000,410000000,0.5,158,4.712121212,66
8811825093,24876825,LG,125,10,359900000,0,0,242,4.828571429,70
4252189851,11171175,XIAOMI,2580,12666,88800000,120000000,0.42,16,4.6,10
253146766,19004502,NOKIA,351,99621,15000000,0,0,8896,4.10989011,91
1220874108,70094786,NOKIA,193,109,52900000,75000000,0.29,117,4.644230769,104
2681085837,1657913,NO BRAND,296,9,13000000,0,0,6288,4.552083333,96
7535679464,236893379,SONY,107,19,230340000,349000000,0.35,1326,4.942857143,70
8665782417,230383794,NO BRAND,137,39,1499000000,2400000000,0.38,80,4.941176471,34
4849734187,11171175,XIAOMI,776,8420,364700000,700000000,0.48,15,4.647058824,17
11040421258,40757878,XIAOMI,38,412,357900000,429000000,0.17,49,4.833333333,18
4120947697,238625379,OPPO,92,18,75000000,0,0,82,4.666666667,24
3882012955,331695868,SAMSUNG,102,11,482900000,669000000,0.28,201,4.972222222,36
8256982454,192933058,GOOGLE,92,109,238900000,248900000,0.06,596,4.864864865,37
10905685869,79910377,NO BRAND,92,905,12000000,0,0,14,4.666666667,21
5771235362,225538911,NO BRAND,95,3,19950000,0,0,17,4.791666667,24
3063125118,313858795,VSMART,268,115,309900000,369900000,0.16,422,5,170
12944272461,230383794,XIAOMI,175,79,579000000,790000000,0.27,147,4.883116883,77
9134685797,345162160,NOKIA,296,1918,16800000,0,0,47,4.590909091,66
7150307956,11171175,XIAOMI,2855,25406,100000000,200000000,0.5,25,4.666666667,21
3551087155,48135204,VSMART,129,5,279000000,0,0,73,4.797297297,74
7448419701,11171175,SAMSUNG,777,20609,139900000,157900000,0.48,3657,4.722222222,36
10747937291,456926161,OPPO,558,1,329900000,0,0,2770,4.962025316,79
2287026038,50817933,2GOOD,84,137,26500000,0,0,189,4.703703704,27
7286260367,11171175,XIAOMI,1116,31260,234500000,425000000,0.45,72,4.705882353,17
7852957546,48975746,NO BRAND,1033,39,219900000,300000000,0.41,3043,4.857142857,7
4050506597,11171175,SONY,892,4241,200000000,0,0,18,4.857142857,7
3636058738,48782032,SAMSUNG,351,5493,225000000,0,0,3301,4.5625,16
6436056271,48782032,NO BRAND,277,67756,179900000,0,0,3044,5,11
14605988055,174059781,REALME,280,10,595000000,795000000,0.25,283,4.956790123,163
11222989365,320293695,SAMSUNG,330,935,40000000,50000000,0.2,300,4.025423729,118
11652600962,309202737,GOOGLE,159,1002,539000000,0,0,2755,4.8,20
5752241975,11171175,XIAOMI,2675,27611,140000000,280000000,0.5,54,4.384615385,39
6234458588,144936067,NO BRAND,142,1,392000000,439000000,0.11,223,4.939759036,83
6568121166,351898295,NOKIA,360,374609,48000000,0,0,3921,5,8
4843618356,20977279,NOKIA,221,579,33222000,33900000,0.02,47,4.513513514,74
3241328375,48782032,SAMSUNG,293,949,249000000,0,0,3188,4.733333333,15
3138804973,61212663,SAMSUNG,104,28,989000000,0,0,394,4.935483871,62
7076228428,108110554,SONY,1274,30497,103800000,205000000,0.49,51,4.733333333,15
4750969331,11171175,GOOGLE,2505,8410,189700000,357900000,0.47,42,4.75,16
8944097421,11171175,XIAOMI,1556,20493,139500000,265000000,0.5,51,4.590909091,22
282780029,11171175,SONY,1496,12898,99900000,169900000,0.45,1077,4.714285714,14
7852373873,108110554,OPPO,1238,8308,64900000,120000000,0.46,48,4.6,25
12825135976,49282974,SONY,123,65,182800000,218800000,0.16,161,4.8125,64
6060352818,256310525,MASSTEL,191,114,59900000,69900000,0.14,15,5,69
1043296905,61382706,SAMSUNG,37,105,5625000,7500000,0.25,4,5,17
3549084463,11171175,LG,2117,14597,127700000,235000000,0.46,3159,4.423076923,26
4450305713,11171175,LG,2029,41356,154900000,164900000,0.5,24,4.476190476,21
4351114103,11171175,OPPO,2272,17769,64500000,100000000,0.5,27,4.285714286,21
6468578132,352193902,NO BRAND,50,2744,10000000,10000000,0.2,48,4.933333333,15
1450532173,19004502,NO BRAND,517,2,12900000,0,0,8871,3.790909091,110
4285440001,189268414,SAMSUNG,226,9953,179000000,0,0,11258,4.544117647,68
1771576284,70094786,NO BRAND,125,56,33500000,39900000,0.16,68,4.702702703,37
2215248080,51612536,NO BRAND,129,7,160000000,0,0,232,4.763157895,76
7652370266,108110554,XIAOMI,240,13518,95000000,165000000,0.5,13,5,10
1649544880,70094786,NO BRAND,221,10,19900000,26900000,0.26,68,4.763888889,72
8344081509,11171175,XIAOMI,1216,19611,134800000,255000000,0.47,48,4.733333333,15
9244179843,11171175,XIAOMI,1539,27577,94400000,180000000,0.5,20,5,9
6452954337,48975746,SAMSUNG,1240,33486,254800000,500000000,0.49,3154,5,9
9744181179,11171175,XIAOMI,1252,14071,139800000,245000000,0.5,19,4.933333333,15
9744096374,11171175,XIAOMI,1337,19161,139700000,265000000,0.5,44,4.333333333,21
8830460763,11171175,LG,2023,17269,84900000,99900000,0.5,18,5,17
6652958277,48975746,LG,1496,195,275800000,500000000,0.5,3126,5,7
5350970804,11171175,GOOGLE,2017,8418,195000000,389900000,0.5,22,5,11
3483092947,11171175,LG,2008,8061,94800000,98800000,0.5,28,4.777777778,18
9944105641,11171175,XIAOMI,980,14648,229800000,425000000,0.46,46,4.692307692,13
9931533674,11171175,OPPO,1554,18543,83900000,160000000,0.49,28,5,12
6850965911,11171175,GOOGLE,890,8440,189400000,350000000,0.46,15,4.428571429,7
6752954719,48975746,SAMSUNG,1101,9940,149000000,0,0,3007,5,6
4957089256,48782032,SAMSUNG,1136,9831,155000000,0,0,3228,5,6
1220466568,70094786,NOKIA,228,194,49959000,54900000,0.09,87,4.551020408,98
2347114023,14145573,NO BRAND,152,13,31000000,0,0,82,4.796296296,54
3049009595,1657913,NO BRAND,185,958,23000000,0,0,28,4.433333333,60
7117394596,136092747,NOKIA,167,66,49500000,0,0,46,4.833333333,48
1220642443,70094786,NOKIA,118,397,31900000,31900000,0.09,62,4.807017544,57
3361873558,22557093,NOKIA,90,300,5000000,0,0,705,4.6,25
6843442105,288286284,APPLE,486,466,1239000000,1599000000,0.23,3976,4.993902439,164
4476229802,108110554,SONY,1176,12670,99700000,180000000,0.48,27,4.823529412,17
2859024965,174341597,KYOCERA,51,76,154000000,0,0,4721,4.8,35
3386711623,11171175,VIVO,416,18023,77700000,155000000,0.5,15,4.944444444,18
7579811427,40885950,NO BRAND,570,59771,19900000,32500000,0.39,2222,4.483870968,31
8330420084,11171175,LG,1941,9837,154700000,164700000,0.47,37,4.75,24
9500713414,49282974,HUAWEI,77,10,142800000,174800000,0.18,81,4.7,30
12133939661,130961937,REALME,96,2,389100000,499000000,0.22,245,4.741935484,32
3469345568,43748089,SAMSUNG,1406,22849,254800000,500000000,0.49,34,4.5,12
8243666819,51995263,NOKIA,139,26,9900000,0,0,45,4.863636364,44
7343307755,208445880,NOKIA,261,133,198000000,0,0,955,4.525252525,99
8344769717,241749563,GOOGLE,99,10,409002800,485002800,0.16,192,4.921568627,51
5851393409,11171175,OPPO,2943,19954,64900000,100000000,0.5,39,4.12,25
11954210640,288286284,APPLE,3278,21,2725000000,3799000000,0.28,5536,4.95035461,706
12717562494,193124085,NOKIA,116,80,174900000,229000000,0.24,49443,5,39
2887730728,70094786,NO BRAND,157,17,19500000,19500000,0.2,15,4.821428571,56
1839231068,20977279,NOKIA,215,161,32500000,0,0,54,4.4625,80
809582259,34655911,NO BRAND,180,4997,27000000,0,0,1570,4.597222222,72
7243662294,48810739,SAMSUNG,338,2216,219000000,0,0,3846,4.5,12
4750533495,11171175,SONY,2510,7990,99700000,175000000,0.44,37,4.578947368,19
3845448058,11171175,OPPO,1119,13766,72500000,145000000,0.5,629,4.357142857,14
864198074,36145420,NO BRAND,127,27,2500000,0,0,3,5,41
9419820148,279467433,NO BRAND,64,935,73000000,0,0,146,5,2
4351156112,11171175,OPPO,1330,8439,150000000,300000000,0.5,12,5,6
6652364686,108110554,SONY,904,7192,164900000,295000000,0.44,14,4.75,16
6120942736,238625379,NOKIA,311,98,29500000,0,0,44,4.784482759,116
7769712346,113506450,NO BRAND,167,10,65000000,69000000,0.31,615,4.714285714,77
7746242863,52785791,SONY,502,5,129900000,175000000,0.26,2817,5,6
10211523963,41470347,NO BRAND,135,15,265000000,0,0,127,4.935897436,78
1399938335,49282974,XIAOMI,177,29,169800000,174800000,0.03,278,4.780487805,82
6700878893,87493314,NO BRAND,355,110,83000000,0,0,153,4.5,16
1292370753,18525093,NO BRAND,169,421,2500000,0,0,8032,4.794871795,78
3011386018,108110554,LG,2023,4786,97700000,160000000,0.47,13,4.857142857,14
1786241670,108110554,LG,231,9180,129800000,219900000,0.41,16,5,10
7952368185,108110554,SAMSUNG,146,13876,94900000,169000000,0.5,10,5,4
7718780841,108110554,SAMSUNG,204,8311,74500000,144500000,0.5,24,5,8
12922443045,49282974,OPPO,220,16,68800000,72800000,0.05,63,4.795918367,49
7088880705,110564302,VSMART,51,5,399900000,0,0,153,5,41
4242862,1782372,NO BRAND,277,9838,700000,0,0,88,4.916666667,12
7445329337,48810739,SAMSUNG,277,2290,309000000,0,0,3837,4.380952381,21
3651209516,11171175,OPPO,2694,12035,54900000,100000000,0.5,24,4.411764706,17
13032505697,204574220,XIAOMI,59,40,129800000,139800000,0.07,34,4.909090909,22
9808141949,43748089,LG,1049,39,259900000,450000000,0.46,16,4.625,8
5645688863,293394460,NOKIA,171,2,21000000,0,0,610,4.780487805,41
1955477487,129982976,NO BRAND,162,694,21000000,0,0,64,4.595744681,47
8515379560,92531229,NOKIA,180,777,13900000,0,0,16,4.666666667,39
8182797124,212863484,LG,98,47,328800000,0,0,6005,4.836363636,55
4441239051,48782032,LG,244,255,450000000,0,0,3840,4.916666667,12
9427360891,405102750,NO BRAND,43,22,44500000,0,0,21,4.666666667,18
4557596288,29711750,NO BRAND,101,3,22000000,0,0,33,4.808219178,73
13019318057,69898445,LG,206,27,349900000,0,0,9750,4.774193548,124
8603515418,14947974,XIAOMI,171,150,215000000,275000000,0.22,94,4.92,50
1932838959,61382706,SAMSUNG,95,399,7650000,15000000,0.49,10,4.954545455,44
2455988983,49282974,XIAOMI,91,10,278800000,298800000,0.07,302,4.910714286,56
13153248861,241243428,NOKIA,1308,19823,25900000,0,0,27,4.8125,16
6386267225,11171175,XIAOMI,917,8442,134500000,190000000,0.29,17,4.833333333,6
6736596107,48782032,LG,354,643,329500000,0,0,3181,4.583333333,12
6143372668,48975746,SAMSUNG,999,10194,249900000,379900000,0.34,551,4.214285714,14
6151342251,11171175,SAMSUNG,2716,12629,79900000,140000000,0.5,23,4.473684211,19
8045587179,11171175,VIVO,376,16844,109700000,205000000,0.5,19,4.882352941,17
2809197755,49282974,HUAWEI,39,10,126800000,138800000,0.1,67,4.8125,16
11815931759,42475799,NOKIA,136,17,59900000,65000000,0.08,567,4.804878049,41
1659289561,20263686,NO BRAND,59,2,180000000,0,0,48,4.923076923,13
4852365805,108110554,OPPO,1949,8342,64700000,129000000,0.5,30,4.481481481,27
5284050318,8940655,GOOGLE,120,1,419000000,0,0,174,4.95,60
8941473124,11171175,LG,1683,14937,129800000,225000000,0.43,52,4.571428571,28
6961580380,189268414,SAMSUNG,155,39996,546000000,600000000,0.12,13339,4.882352941,51
4491840321,313858795,VSMART,103,59,359900000,359900000,0.12,177,4.967741935,62
6115073355,78823080,NO BRAND,107,29,2900000,0,0,6,4.947368421,38
8518067838,240247809,SONY,230,18,259000000,289000000,0.16,361,4.717741935,124
6990939852,456926161,NO BRAND,593,17,270000000,0,0,1699,5,94
9346494668,241749563,GOOGLE,128,21,392802800,392802800,0.21,182,4.818181818,66
6588440673,130207332,NO BRAND,45,370,105000000,0,0,51,4.869565217,23
6341258200,48782032,OPPO,217,845,419900000,0,0,3802,5,12
13045276629,11171175,VIVO,588,21304,99800000,175000000,0.46,31,4.6,25
3238335534,70094786,NO BRAND,121,591,42500000,45000000,0.06,202,4.865384615,52
5952368282,108110554,SAMSUNG,2233,12475,95000000,189900000,0.5,98,4.191489362,47
2016311949,64945499,BLACKBERRY,102,11,35000000,0,0,23,4.954545455,44
1881650501,20977279,NO BRAND,211,7,32900000,0,0,122,4.44047619,84
10659064662,337486746,NOKIA,446,345,15000000,0,0,66,4.578571429,140
11272176415,434360904,NOKIA,20,9975,75000000,0,0,4,5,10
7139468224,20977279,NOKIA,177,1156,17900000,0,0,57,4.847826087,46
7655269325,98494598,NO BRAND,165,46,3000000,0,0,56,4.657534247,73
13850500618,116554044,NOKIA,99,19897,64900000,0,0,35,4.901960784,51
6652526088,309929726,OPPO,150,25933,64500000,110000000,0.48,936,4.875,8
6903229858,36609202,ITEL,116,17,69900000,95000000,0.26,39,4.837209302,43
3203019712,13482524,NO BRAND,118,88,56900000,0,0,8409,4.916666667,48
7936499773,256310525,MASSTEL,73,81,44800000,59900000,0.25,371,4.944444444,36
3345715099,30580603,SONY,68,50,280000000,0,0,84,4.880952381,42
5952369554,108110554,LG,1426,8281,219800000,390000000,0.47,37,4.818181818,22
8609740770,108110554,OPPO,2719,23941,270000000,540000000,0.5,62,5,18
4252368551,108110554,LG,1862,16756,184900000,337900000,0.46,20,5,14
4552370714,108110554,XIAOMI,2724,18926,134900000,215000000,0.5,35,4.352941176,17
4452961951,48975746,LG,1025,15512,339900000,660000000,0.49,3085,5,9
3017124708,11171175,OPPO,1311,14747,84900000,150000000,0.49,14,5,8
5886628439,71474818,GOOGLE,101,72,242010000,268900000,0.1,135,4.84375,65
5852378344,108110554,SONY,1361,16415,184900000,200000000,0.08,16,4.333333333,6
6651174161,11171175,OPPO,726,8413,229000000,400000000,0.5,19,5,12
3506800224,95535590,XIAOMI,81,2,102000000,0,0,168,4.894736842,38
6840480462,236893379,LG,50,18,289600000,299000000,0.34,1199,4.862068966,29
3176230338,43748089,SAMSUNG,623,12197,149900000,289900000,0.48,13,5,5
5543949942,48975746,SAMSUNG,620,1178,279900000,0,0,8,5,5
9655991113,49282974,GOOGLE,147,6,218800000,222800000,0.02,190,4.855072464,69
7145735194,293394460,NOKIA,128,904,17900000,0,0,642,5,24
2806395596,87493314,SONY,178,1,159900000,0,0,137,4.383333333,60
7939219128,114457369,NOKIA,70,12,14500000,0,0,15,4.857142857,42
4236295383,48782032,LG,262,243,125000000,0,0,3677,5,9
4842710787,192933058,SONY,60,96,245000000,0,0,1839,4.918918919,37
2813544675,62114736,NO BRAND,129,3,15000000,0,0,286,4.714285714,49
7357107974,48810739,SAMSUNG,554,16001,165000000,0,0,3621,5,5
4193057059,66829677,NOKIA,273,123,75900000,85000000,0.11,107,4.75,104
10041337684,193124085,XIAOMI,223,120,362900000,429000000,0.15,41638,4.922222222,90
2107585129,26514084,NOKIA,194,193,58000000,0,0,78,4.625,56
3927713169,197138574,2GOOD,117,1795,4900000,0,0,13,4.7,20
11061613648,25452983,OPPO,162,119,395000000,449000000,0.21,130,5,44
6852368187,108110554,NO BRAND,2019,7524,69000000,129000000,0.47,26,4.25,12
8755868283,11380987,NO BRAND,538,119,28500000,0,0,86,4.453744493,227
1938480958,40711448,NO BRAND,109,54,4950000,5000000,0.01,82,4.945945946,37
2480740576,31474031,LG,116,388,315000000,0,0,3607,4.675675676,74
6641199792,48782032,SONY,212,2029,285000000,0,0,3082,5,10
6293063896,66829677,NOKIA,513,146,69900000,75000000,0.07,132,4.845238095,168
6552368242,108110554,SONY,789,7188,144800000,255000000,0.43,32,4.65,20
4939628692,48782032,LG,234,555,499000000,0,0,3767,5,10
1900357734,20977279,NO BRAND,104,3,9900000,0,0,42,4.970588235,34
1226148693,70094786,NOKIA,151,99,41900000,55000000,0.24,75,4.661538462,65
942751352,36145420,NO BRAND,104,100,3000000,0,0,1,5,34
1872740175,35028229,NO BRAND,62,38,1900000,0,0,2,4.96969697,33
1471377258,83813714,NOKIA,85,6,45000000,0,0,40,4.944444444,36
3586373536,11171175,NO BRAND,1559,18393,73500000,100000000,0.34,62,3.739130435,23
1206116428,70094786,NOKIA,185,197,58500000,78000000,0.25,153,4.578947368,76
6782985850,11171175,LG,1846,14469,154900000,164900000,0.49,65,4.620689655,29
5175187737,158663650,NO BRAND,185,21,29900000,0,0,44,4.641025641,39
5631646121,108110554,SONY,911,9640,134700000,240000000,0.45,74,4.15,20
3036539166,11171175,XIAOMI,1013,13016,199800000,320000000,0.42,15,4.714285714,14
7652250600,11171175,HTC,2489,3635,144700000,190000000,0.24,14,4.555555556,9
4869252688,43748089,NO BRAND,1350,80,199900000,300000000,0.44,17,4.5,8
4750502802,11171175,SONY,895,6328,134500000,200000000,0.33,13,4.5,8
8744137316,11171175,XIAOMI,705,4844,74900000,110000000,0.33,6,4.5,8
5090153279,83813714,NO BRAND,149,19,59900000,79000000,0.24,83,4.574074074,54
12716360886,129649666,NOKIA,84,928,14500000,0,0,28,4.413793103,29
6945112782,208445880,NOKIA,93,661,35500000,0,0,27,4.555555556,45
2973182146,110595666,SAMSUNG,162,63,1059000000,1299000000,0.24,97,5,45
7450502621,11171175,SONY,800,443,129800000,200000000,0.35,11,4.3,10
5051395955,11171175,OPPO,2288,24825,49900000,75000000,0.33,23,4.272727273,11
3796291879,443610723,NO BRAND,74,1,6000000,0,0,11,4.541666667,24
7555279530,48782032,SONY,205,894,251000000,0,0,3198,5,11
4810280001,89681009,SAMSUNG,43,158,399000000,525000000,0.25,253,5,27
8841758795,418171915,NO BRAND,47,40,9000000,0,0,11,4.736842105,19
5420779011,199422123,SONY,89,83,125000000,0,0,150,4.863636364,44
9757617980,48135204,VSMART,94,1,199900000,0,0,68,4.8,45
6450840211,91772591,LG,63,86,369900000,0,0,94,4.951219512,41
11524841197,449911630,SAMSUNG,309,8,432000000,569000000,0.24,204,4.978723404,141
2858375152,141143016,NO BRAND,219,199780,500000,0,0,112,4.727272727,11
12707097665,71474818,LG,111,65,215910000,239900000,0.1,77,4.761904762,63
4543817936,68527388,XIAOMI,116,55,206000000,249000000,0.17,108,4.814814815,55
7476089181,108110554,LG,2364,6859,185000000,370000000,0.5,61,4.857142857,49
7976031644,108110554,SONY,1332,20382,157900000,270000000,0.43,12,4.333333333,6
2802069933,87493314,NO BRAND,892,220,78000000,0,0,40,4.8,5
7506108886,170342354,NO BRAND,100,96,50000000,0,0,2,5,25
6431862302,13482524,NO BRAND,156,398,53900000,0,0,8679,4.977272727,44
1511809483,26505668,NO BRAND,70,35,1800000,0,0,7,4.6875,16
9927354994,405102750,NO BRAND,48,33,22500000,0,0,25,4.764705882,17
2938588580,8940655,GOOGLE,48,13,379000000,0,0,52,4.90625,32
8731050989,41470347,NO BRAND,59,2,245000000,0,0,80,5,33
3752466339,108110554,OPPO,320,1890,49700000,74000000,0.37,19,4.785714286,14
12234815836,37724303,NO BRAND,11,441,22900000,23850000,0.4,59,4.75,8
4008468985,189268414,SAMSUNG,137,1997,311500000,350000000,0.11,13196,5,19
6518211480,70094786,XIAOMI,77,11,89800000,109000000,0.18,72,4.964285714,28
6250521840,11171175,SAMSUNG,594,12682,499800000,950000000,0.47,24,4.916666667,12
9046428546,427960551,NO BRAND,156,324,13000000,0,0,905,4.59375,32
492492498,409115,GOR,137,1,3752500,7505000,0.5,15,4.742857143,35
3205114964,58573345,ULEFONE,87,29,299000000,0,0,120,4.827586207,58
1456413181,50817933,NO BRAND,122,57,28800000,0,0,439,4.68,50
718008887,25826831,NO BRAND,118,703,5000000,0,0,100,4.896551724,29
3947155875,58573345,OUKITEL,53,5,429000000,0,0,81,5,32
6586910000,188761968,VSMART,43,35,250000000,0,0,91,5,28
6529063278,83158649,SONY,113,91,115000000,0,0,236,4.655172414,58
8003674948,61623136,NOKIA,136,11,65000000,0,0,101,4.833333333,24
5776222552,108110554,SONY,1703,11053,99700000,180000000,0.46,20,4.769230769,13
1424933603,26514084,NOKIA,182,46,29000000,0,0,88,4.403508772,57
6452378477,108110554,XIAOMI,206,12566,179800000,330000000,0.46,10,5,5
6750985799,48135204,VSMART,42,1,289000000,0,0,38,4.935483871,31
5552372982,108110554,SAMSUNG,1995,18861,84800000,139800000,0.5,16,4.428571429,28
5944711440,208445880,NO BRAND,116,356,41250000,0,0,20,4.857142857,28
4735654262,158663650,NOKIA,78,68,20000000,0,0,2890,4.914285714,35
5911089540,129649666,NOKIA,138,779,6000000,0,0,24,4.660714286,56
1405725116,43055588,YUNTENG,141,446,27555500,0,0,113,4.8,40
10720550181,41470347,GOOGLE,87,5,275000000,0,0,84,4.977777778,45
7258120583,143976140,GOOGLE,61,10,265200000,0,0,45,5,34
10701941401,53119718,NO BRAND,45,66,929900000,0,0,22,5,24
8103129813,125969601,SAMSUNG,50,20,659900000,990000000,0.33,91,5,24
733841869,17376044,NO BRAND,67,189,145000000,0,0,497,4.857142857,35
6620480143,30580603,NO BRAND,82,1,220000000,0,0,118,4.734693878,49
13439824090,576524321,NOKIA,151,195,61800000,119800000,0.49,42,4.487179487,39
7452366593,108110554,HTC,248,18566,179000000,0,0,29,5,8
8427909208,405102750,OPPO,109,102,57722000,58900000,0.07,54,4.75,44
6993590444,42475799,SAMSUNG,40,71,43900000,0,0,533,4.782608696,23
8640043331,11171175,SONY,2781,27015,159800000,174800000,0.44,32,4.875,24
8445415792,11171175,VIVO,45,8444,74900000,115000000,0.45,8,5,8
2806872531,167948253,KYOCERA,35,107,169000000,0,0,8807,5,15
2154017825,34883652,NO BRAND,224,1246,6000000,7500000,0.33,23,4.894736842,19
7282346787,405102750,NO BRAND,163,47,23900000,0,0,24,4.880952381,42
9621394747,41470347,SONY,73,43,270000000,0,0,56,4.926829268,41
1961539596,94879945,LV MOBILE,82,19,24900000,0,0,41,4.925925926,27
9978326225,236538249,XIAOMI,179,191,209000000,289000000,0.28,48,4.963636364,55
5133333047,35423418,SAMSUNG,71,87,18500000,0,0,1545,4.90625,32
7954401670,55763871,NO BRAND,39,15,610000000,0,0,280,4.866666667,30
1653415843,97565928,NO BRAND,90,905,250000,0,0,190,5,10
8709742338,108110554,OPPO,2697,23964,272500000,545000000,0.5,69,4.944444444,18
9740046870,11171175,SONY,2185,18552,144900000,154900000,0.44,31,4.666666667,15
3036448624,11171175,XIAOMI,1621,8680,340000000,680000000,0.5,18,4.785714286,14
4251178254,11171175,OPPO,737,4149,400000000,0,0,14,5,4
3471436306,262340344,NO BRAND,87,42,8000000,0,0,15,4.962962963,27
3638401578,38439425,NO BRAND,120,25980,1350000,1500000,0.1,7,4.964285714,28
4392415711,470929062,NO BRAND,71,48,13000000,0,0,7,4.914285714,35
1226647678,70094786,NOKIA,109,10,169000000,0,0,130,4.660377358,53
5886259911,11171175,XIAOMI,1711,21867,139500000,255000000,0.47,173,4.3,30
9478830410,25452983,OPPO,122,44,895000000,1299000000,0.31,220,4.884615385,52
7135465149,98494598,NO BRAND,58,72,7000000,0,0,82,4.888888889,36
4278122442,41470347,SONY,76,6,230000000,0,0,121,4.780487805,41
15901824280,7574932,XIAOMI,70,19,879000000,0,0,48,5,30
9169527787,127814941,MASSTEL,128,150,57900000,0,0,18,4.782608696,46
665891397,1760986,SAMSUNG,87,20,500000000,0,0,13,5,22
6868120458,351898295,NOKIA,429,6883,36000000,0,0,3843,4.071428571,14
7552197879,11171175,SHARP,586,12695,169800000,260000000,0.38,30,5,10
3376185951,108110554,LG,2442,10131,369900000,378800000,0.45,26,4.714285714,14
3652463183,108110554,OPPO,1863,8345,64400000,119000000,0.5,19,4.764705882,17
5986199738,11171175,LG,1890,6819,184900000,340000000,0.49,37,4.529411765,17
5851171755,11171175,OPPO,1067,8404,228800000,400000000,0.5,13,4.733333333,15
5086279195,11171175,XIAOMI,1338,13166,164800000,285000000,0.5,20,4.733333333,15
8643857727,11171175,LG,1545,6843,129800000,220000000,0.47,35,4.692307692,13
9508132621,43748089,LG,826,79,249900000,400000000,0.38,10,4.428571429,7
8644152851,11171175,XIAOMI,961,20647,139300000,240000000,0.46,27,4.375,8
5718396253,40202642,NO BRAND,100,28,13000000,0,0,106,4.701492537,67
9331134936,1657913,NO BRAND,390,4998,16000000,17500000,0.11,46,4.596774194,124
11454175760,288286284,APPLE,150,2,3099000000,0,0,520,4.8125,48
1205826693,70094786,NOKIA,100,108,43000000,54900000,0.22,49,4.842105263,38
8402528038,351898295,NOKIA,282,50281,38000000,0,0,3832,4.857142857,7
5252368342,108110554,OPPO,1038,25288,219900000,350000000,0.45,39,4.8,20
1662973920,18479475,KYOCERA,110,5,53900000,0,0,210,4.719298246,57
4776213808,108110554,SONY,1294,18702,79800000,120000000,0.45,21,4.857142857,14
3352877339,52785791,NO BRAND,1131,120,194800000,250000000,0.25,1,4.6,5
6266548710,167948253,SHARP,34,58,164900000,0,0,162,5,18
942762790,36145420,NO BRAND,109,2,3000000,0,0,3,5,29
6431590499,91772591,SONY,71,45,189900000,0,0,78,4.8,40
4465891416,8940655,GOOGLE,58,2,319000000,0,0,51,5,25
3251331865,214777604,NO BRAND,70,3744,4400000,4500000,0.02,4,4.84,25
1676175425,53521032,SAMSUNG,38,8,200000000,0,0,242,5,21
6252372656,108110554,SAMSUNG,1016,18873,79800000,145000000,0.5,42,4.666666667,18
4808750309,95535590,NO BRAND,68,75,109000000,0,0,151,4.9375,32
7352373808,108110554,OPPO,201,8292,224700000,400000000,0.47,7,5,8
6945278041,70094786,NO BRAND,123,190,59500000,90000000,0.34,27,4.774193548,31
2320475201,50817933,NO BRAND,124,150,38900000,0,0,170,4.766666667,30
1327490782,34655911,NO BRAND,102,163999,15500000,0,0,6030,4.805555556,36
2258551073,50817933,NO BRAND,91,40,56000000,0,0,325,4.806451613,31
7384425847,13442962,NO BRAND,30,90,689000000,0,0,602,5,6
1482642928,50817933,NO BRAND,80,41,26800000,0,0,342,4.827586207,29
5352161950,70094786,OPPO,228,15,119000000,199000000,0.4,158,4.72,102
2240330018,91772591,GOOGLE,78,19,309900000,0,0,1150,4.704545455,44
1870575990,31027513,BLACKBERRY,67,10,17000000,0,0,13,4.806451613,31
8244150227,11171175,XIAOMI,1141,27571,150000000,300000000,0.5,189,3.72,25
1227034828,61382706,SAMSUNG,56,3734,11375000,17500000,0.35,16,4.714285714,28
751054536,25990212,NO BRAND,63,1,209000000,0,0,152,4.851851852,27
4233816639,262019776,NO BRAND,90,520,39000000,69000000,0.43,29,4.958333333,24
12724696463,241749563,SONY,52,19,404802800,412802800,0.02,48,4.896551724,29
942747650,36145420,NO BRAND,92,24,3000000,0,0,4,4.962962963,27
7710868228,208445880,NO BRAND,196,179,23500000,0,0,18,4.607843137,51
7335926354,203824801,NOKIA,65,383,17500000,0,0,954,4.884615385,26
3892000527,189268414,NO BRAND,129,30969,390000000,390000000,0.23,8460,4.860465116,43
4489610644,448296087,NO BRAND,122,24,5000000,0,0,37,4.953125,64
3891588432,110595666,SAMSUNG,67,35,1859000000,0,0,124,5,28
7665798982,61382706,SAMSUNG,82,121,10041300,19688800,0.49,4,4.935483871,31
5331374226,42116881,SONY,30,50,269900000,0,0,7713,5,20
5343659728,48810739,SAMSUNG,235,2317,249900000,0,0,3615,4.636363636,11
6392955502,24876825,LG,68,8,359900000,0,0,135,4.731707317,41
9244148319,11171175,XIAOMI,1078,27615,150000000,300000000,0.5,41,4.090909091,11
7270562481,361316234,NOKIA,205,65,30000000,0,0,1836,4.45,20
12038639934,473497604,NOKIA,102,11,28900000,32000000,0.1,14,4.261904762,42
6537099598,16214702,NOKIA,372,2994,7900000,0,0,15,4.755319149,95
13202623529,110595666,SAMSUNG,63,8,789000000,890000000,0.11,28,4.928571429,14
10063967265,370312918,NOKIA,247,46666531,36500000,49900000,0.3,10,4.705882353,34
4487848870,105747592,2GOOD,24,99,41900000,0,0,1542,4.923076923,13
3352471025,108110554,SONY,1248,16528,184500000,200000000,0.1,14,4.75,4
2707722394,61803166,GOOGLE,48,3,239900000,0,0,2157,4.875,24
5444681260,167948253,KYOCERA,33,76,149000000,0,0,14212,5,12
2802010549,87493314,OPPO,905,154,103000000,0,0,51,4.285714286,7
6064634328,49282974,SONY,159,8,159800000,0,0,154,4.76056338,71
7539069839,192933058,LG,106,95,268800000,0,0,1663,4.730769231,52
10054832484,174059781,REALME,365,5,685000000,1055000000,0.35,262,4.935135135,185
12357847445,188553347,NO BRAND,26,526,19250400,21250400,0.33,16,5,12
7041874277,108035652,NO BRAND,69,9926,2500000,5000000,0.5,17,4.866666667,30
10638368233,129649666,SAMSUNG,123,422,38500000,0,0,86,4.706896552,58
11301150694,41470347,GOOGLE,46,12,460000000,0,0,155,5,29
2556757468,74264930,NO BRAND,54,995,15000000,0,0,57,5,21
1062697611,61382706,SAMSUNG,60,9,6500000,10000000,0.35,8,5,21
12630390139,473497604,NOKIA,10,4,28900000,30500000,0.09,5,4.75,4
1214309270,70094786,NOKIA,142,59,43900000,54500000,0.19,29,4.423728814,59
1345256770,17076774,NO BRAND,34,10,5000000,0,0,19,4.913043478,23
7992373642,320293695,SAMSUNG,168,3,40000000,50000000,0.2,231,4.309859155,71
9755378045,427960551,NO BRAND,48,46,27000000,0,0,29,4.555555556,18
2764146252,174341597,KYOCERA,41,77,134000000,0,0,206,4.8,30
2451392396,61212663,SAMSUNG,100,44,649000000,0,0,1450,4.618181818,55
1220419655,70094786,NOKIA,127,51,29000000,32000000,0.1,43,4.685185185,54
796857843,48782032,NO BRAND,209,2138,139900000,0,0,3106,5,9
8745553502,11171175,VIVO,377,14259,74900000,79900000,0.5,11,4.764705882,17
4051630130,208445880,NOKIA,25,1,47950000,0,0,9,4.727272727,11
13933464700,204574220,SONY,55,110,218600000,0,0,82,4.96969697,33
11401121224,135081922,LG,31,2,535000000,0,0,123,5,20
1432699238,36145420,NO BRAND,62,49,4500000,0,0,2,5,19
8400730146,31027513,BLACKBERRY,33,1,39000000,0,0,11,5,18
3836135453,48782032,NOKIA,238,41827,75000000,0,0,3127,5,7
220298068,19004502,NO BRAND,161,1,39900000,0,0,5770,4.267605634,71
213385713,3804675,NO BRAND,118,972,19800000,22000000,0.1,33,5,17
3243826619,48810739,SAMSUNG,236,2318,279900000,0,0,3829,5,7
4836440435,164073949,MASSTEL,60,1199,11000000,0,0,4396,4.904761905,21
4437924018,24876825,LG,51,21,239900000,0,0,1925,4.838709677,31
9441219767,11171175,SONY,2840,12606,119800000,210000000,0.48,33,4.714285714,14
5303158466,190411329,NO BRAND,74,5418,10140000,16900000,0.4,17,4.84,25
12145919931,459303450,NO BRAND,11979,273456,350000,0,0,2151,4.841997961,982
7186571158,11171175,VIVO,351,13521,74900000,79900000,0.49,13,4.888888889,18
6157201979,48135204,VSMART,70,1,259000000,0,0,163,4.707317073,41
1139650555,27847438,NO BRAND,69,20000,25000000,0,0,26,4.807692308,26
5186577332,11171175,VIVO,353,14283,77900000,84900000,0.5,24,4.8,20
3818725054,108110554,SAMSUNG,849,14731,89800000,149800000,0.44,86,4.48,25
3652476079,108110554,SAMSUNG,1055,18872,79500000,143500000,0.5,34,4.5,20
10526367071,204574220,LG,73,42,299800000,329800000,0.09,160,4.942857143,35
3784613813,113506450,SAMSUNG,64,202,39000000,46000000,0.36,85,4.9,30
7142073434,234975585,NOKIA,138,856,5800000,0,0,15,4.785714286,56
8147474576,74264930,SONY,23,80,239900000,0,0,67,5,15
1361255132,70094786,NOKIA,149,795,37500000,44500000,0.16,69,4.492537313,67
9504762617,361316234,NOKIA,185,5,21000000,0,0,1816,5,5
8824086500,58573345,ITEL,145,15,69000000,0,0,63,4.85,60
12505864940,49282974,VIVO,173,43,142800000,148800000,0.04,143,4.739726027,73
6086575976,11171175,VIVO,314,13866,83000000,165000000,0.5,11,5,10
4552368314,108110554,LG,2765,12522,129900000,240000000,0.46,61,4.631578947,19
13726008988,557889603,NOKIA,164,8835,21000000,0,0,6723,5,12
8607946715,204574220,GOOGLE NEXUS,89,42,239800000,0,0,116,4.761904762,42
3111728585,49282974,HUAWEI,64,8,109800000,129800000,0.15,39,4.866666667,30
7213810325,108110554,SONY,742,16918,134700000,255000000,0.47,25,4.357142857,14
10909009921,252710995,NO BRAND,49,77,799000000,999000000,0.2,55,4.923076923,26
5843817113,42116881,LG,38,7,359900000,0,0,88,4.961538462,26
5636440855,14408514,MASSTEL,76,488,11000000,0,0,40,4.8,26
11652270054,14947974,SAMSUNG,63,61,749000000,1099000000,0.32,16,4.863636364,22
